COPY public.typmista (idtypmista, typmista, cena) FROM stdin;
1	S	300
4	L	700
2	V	600
3	B	500
\.

INSERT INTO public.stul (idstul, nazev, avaiablequantity, quantitysum, idtypmista) VALUES (1,'vpravoprizemi-1', 4,  4 ,  2);
INSERT INTO public.stul (idstul, nazev, avaiablequantity, quantitysum, idtypmista) VALUES (2,'vpravoprizemi-2', 6,  6 ,  2);
INSERT INTO public.stul (idstul, nazev, avaiablequantity, quantitysum, idtypmista) VALUES (3,'vpravoprizemi-3', 6,  6 ,  2);
INSERT INTO public.stul (idstul, nazev, avaiablequantity, quantitysum, idtypmista) VALUES (4,'vpravoprizemi-4', 6,  6 ,  2);
INSERT INTO public.stul (idstul, nazev, avaiablequantity, quantitysum, idtypmista) VALUES (5,'vpravoprizemi-5', 6,  6 ,  2);
INSERT INTO public.stul (idstul, nazev, avaiablequantity, quantitysum, idtypmista) VALUES (6,'vpravoprizemi-6', 4,  4 ,  2);
INSERT INTO public.stul (idstul, nazev, avaiablequantity, quantitysum, idtypmista) VALUES (7,'vpravoprizemi-7', 4,  4 ,  2);
INSERT INTO public.stul (idstul, nazev, avaiablequantity, quantitysum, idtypmista) VALUES (8,'vpravoprizemi-8', 6,  6 ,  2);
INSERT INTO public.stul (idstul, nazev, avaiablequantity, quantitysum, idtypmista) VALUES (9,'vpravoprizemi-9', 6,  6 ,  2);
INSERT INTO public.stul (idstul, nazev, avaiablequantity, quantitysum, idtypmista) VALUES (10,'vpravoprizemi-10', 6,  6 ,  2);
INSERT INTO public.stul (idstul, nazev, avaiablequantity, quantitysum, idtypmista) VALUES (11,'vpravoprizemi-11', 6,  6 ,  2);
INSERT INTO public.stul (idstul, nazev, avaiablequantity, quantitysum, idtypmista) VALUES (12,'vpravoprizemi-12', 6,  6 ,  2);
INSERT INTO public.stul (idstul, nazev, avaiablequantity, quantitysum, idtypmista) VALUES (13,'vpravoprizemi-13', 6,  6 ,  2);
INSERT INTO public.stul (idstul, nazev, avaiablequantity, quantitysum, idtypmista) VALUES (14,'vpravoprizemi-14', 6,  6 ,  3);
INSERT INTO public.stul (idstul, nazev, avaiablequantity, quantitysum, idtypmista) VALUES (15,'vpravoprizemi-15', 6,  6 ,  3);
INSERT INTO public.stul (idstul, nazev, avaiablequantity, quantitysum, idtypmista) VALUES (16,'vpravoprizemi-16', 6,  6 ,  3);
INSERT INTO public.stul (idstul, nazev, avaiablequantity, quantitysum, idtypmista) VALUES (17,'vpravoprizemi-17', 6,  6 ,  3);
INSERT INTO public.stul (idstul, nazev, avaiablequantity, quantitysum, idtypmista) VALUES (18,'vpravoprizemi-18', 6,  6 ,  3);
INSERT INTO public.stul (idstul, nazev, avaiablequantity, quantitysum, idtypmista) VALUES (19,'vpravoprizemi-19', 6,  6 ,  3);
INSERT INTO public.stul (idstul, nazev, avaiablequantity, quantitysum, idtypmista) VALUES (20,'vpravoprizemi-20', 6,  6 ,  3);
INSERT INTO public.stul (idstul, nazev, avaiablequantity, quantitysum, idtypmista) VALUES (21,'vpravoprizemi-21', 6,  6 ,  3);
INSERT INTO public.stul (idstul, nazev, avaiablequantity, quantitysum, idtypmista) VALUES (22,'vpravoprizemi-22', 6,  6 ,  3);
INSERT INTO public.stul (idstul, nazev, avaiablequantity, quantitysum, idtypmista) VALUES (23,'vpravoprizemi-23', 6,  6 ,  3);
INSERT INTO public.stul (idstul, nazev, avaiablequantity, quantitysum, idtypmista) VALUES (24,'vpravoprizemi-24', 6,  6 ,  3);
INSERT INTO public.stul (idstul, nazev, avaiablequantity, quantitysum, idtypmista) VALUES (25,'vpravoprizemi-25', 6,  6 ,  3);

INSERT INTO public.stul (idstul, nazev, avaiablequantity, quantitysum, idtypmista) VALUES (26, 'vlevoprizemi-1', 6, 6, 2);
INSERT INTO public.stul (idstul, nazev, avaiablequantity, quantitysum, idtypmista) VALUES (27, 'vlevoprizemi-2', 6, 6, 2);
INSERT INTO public.stul (idstul, nazev, avaiablequantity, quantitysum, idtypmista) VALUES (28, 'vlevoprizemi-3', 6, 6, 2);
INSERT INTO public.stul (idstul, nazev, avaiablequantity, quantitysum, idtypmista) VALUES (29, 'vlevoprizemi-4', 6, 6, 2);
INSERT INTO public.stul (idstul, nazev, avaiablequantity, quantitysum, idtypmista) VALUES (30, 'vlevoprizemi-5', 6, 6, 2);
INSERT INTO public.stul (idstul, nazev, avaiablequantity, quantitysum, idtypmista) VALUES (31, 'vlevoprizemi-6', 4, 4, 2);
INSERT INTO public.stul (idstul, nazev, avaiablequantity, quantitysum, idtypmista) VALUES (32, 'vlevoprizemi-7', 4, 4, 2);
INSERT INTO public.stul (idstul, nazev, avaiablequantity, quantitysum, idtypmista) VALUES (33, 'vlevoprizemi-8', 6, 6, 2);
INSERT INTO public.stul (idstul, nazev, avaiablequantity, quantitysum, idtypmista) VALUES (34, 'vlevoprizemi-9', 6, 6, 2);
INSERT INTO public.stul (idstul, nazev, avaiablequantity, quantitysum, idtypmista) VALUES (35, 'vlevoprizemi-10', 6, 6,2);
INSERT INTO public.stul (idstul, nazev, avaiablequantity, quantitysum, idtypmista) VALUES (36, 'vlevoprizemi-11', 6, 6,2);
INSERT INTO public.stul (idstul, nazev, avaiablequantity, quantitysum, idtypmista) VALUES (37, 'vlevoprizemi-12', 6, 6,2);
INSERT INTO public.stul (idstul, nazev, avaiablequantity, quantitysum, idtypmista) VALUES (38, 'vlevoprizemi-13', 6, 6,2);
INSERT INTO public.stul (idstul, nazev, avaiablequantity, quantitysum, idtypmista) VALUES (39, 'vlevoprizemi-14', 6, 6, 2);
INSERT INTO public.stul (idstul, nazev, avaiablequantity, quantitysum, idtypmista) VALUES (40, 'vlevoprizemi-15', 6, 6, 2);
INSERT INTO public.stul (idstul, nazev, avaiablequantity, quantitysum, idtypmista) VALUES (41, 'vlevoprizemi-16', 6, 6, 3);
INSERT INTO public.stul (idstul, nazev, avaiablequantity, quantitysum, idtypmista) VALUES (42, 'vlevoprizemi-17', 6, 6, 3);
INSERT INTO public.stul (idstul, nazev, avaiablequantity, quantitysum, idtypmista) VALUES (43, 'vlevoprizemi-18', 6, 6, 3);
INSERT INTO public.stul (idstul, nazev, avaiablequantity, quantitysum, idtypmista) VALUES (44, 'vlevoprizemi-19', 6, 6, 3);
INSERT INTO public.stul (idstul, nazev, avaiablequantity, quantitysum, idtypmista) VALUES (45, 'vlevoprizemi-20', 6, 6, 3);
INSERT INTO public.stul (idstul, nazev, avaiablequantity, quantitysum, idtypmista) VALUES (46, 'vlevoprizemi-21', 6, 6, 3);
INSERT INTO public.stul (idstul, nazev, avaiablequantity, quantitysum, idtypmista) VALUES (47, 'vlevoprizemi-22', 6, 6, 3);
INSERT INTO public.stul (idstul, nazev, avaiablequantity, quantitysum, idtypmista) VALUES (48, 'vlevoprizemi-23', 6, 6, 3);
INSERT INTO public.stul (idstul, nazev, avaiablequantity, quantitysum, idtypmista) VALUES (49, 'vlevoprizemi-24', 6, 6, 3);
INSERT INTO public.stul (idstul, nazev, avaiablequantity, quantitysum, idtypmista) VALUES (50, 'vlevoprizemi-25', 6, 6, 3);
INSERT INTO public.stul (idstul, nazev, avaiablequantity, quantitysum, idtypmista) VALUES (51, 'vlevoprizemi-26', 6, 6, 3);
INSERT INTO public.stul (idstul, nazev, avaiablequantity, quantitysum, idtypmista) VALUES (52, 'vlevoprizemi-27', 6, 6, 3);
INSERT INTO public.stul (idstul, nazev, avaiablequantity, quantitysum, idtypmista) VALUES (53, 'vlevoprizemi-28', 6, 6, 3);
INSERT INTO public.stul (idstul, nazev, avaiablequantity, quantitysum, idtypmista) VALUES (54, 'vlevoprizemi-29', 6, 6, 3);

INSERT INTO public.stul (idstul, nazev, avaiablequantity, quantitysum, idtypmista) VALUES (55, 'prvnipatrovpravo-1', 6, 6, 2);
INSERT INTO public.stul (idstul, nazev, avaiablequantity, quantitysum, idtypmista) VALUES (56, 'prvnipatrovpravo-2', 6, 6, 2);
INSERT INTO public.stul (idstul, nazev, avaiablequantity, quantitysum, idtypmista) VALUES (57, 'prvnipatrovpravo-3', 6, 6, 2);
INSERT INTO public.stul (idstul, nazev, avaiablequantity, quantitysum, idtypmista) VALUES (58, 'prvnipatrovpravo-4', 6, 6, 2);
INSERT INTO public.stul (idstul, nazev, avaiablequantity, quantitysum, idtypmista) VALUES (59, 'prvnipatrovpravo-5', 6, 6, 2);
INSERT INTO public.stul (idstul, nazev, avaiablequantity, quantitysum, idtypmista) VALUES (60, 'prvnipatrovpravo-6', 6, 6, 2);
INSERT INTO public.stul (idstul, nazev, avaiablequantity, quantitysum, idtypmista) VALUES (61, 'prvnipatrovpravo-7', 6, 6, 2);
INSERT INTO public.stul (idstul, nazev, avaiablequantity, quantitysum, idtypmista) VALUES (62, 'prvnipatrovpravo-8', 6, 6, 2);
INSERT INTO public.stul (idstul, nazev, avaiablequantity, quantitysum, idtypmista) VALUES (63, 'prvnipatrovpravo-9', 6, 6, 2);
INSERT INTO public.stul (idstul, nazev, avaiablequantity, quantitysum, idtypmista) VALUES (64, 'prvnipatrovpravo-10', 6, 6, 2);
INSERT INTO public.stul (idstul, nazev, avaiablequantity, quantitysum, idtypmista) VALUES (65, 'prvnipatrovpravo-11', 6, 6, 2);
INSERT INTO public.stul (idstul, nazev, avaiablequantity, quantitysum, idtypmista) VALUES (66, 'prvnipatrovpravo-12', 6, 6, 2);
INSERT INTO public.stul (idstul, nazev, avaiablequantity, quantitysum, idtypmista) VALUES (67, 'prvnipatrovpravo-13', 6, 6, 3);
INSERT INTO public.stul (idstul, nazev, avaiablequantity, quantitysum, idtypmista) VALUES (68, 'prvnipatrovpravo-14', 6, 6, 3);
INSERT INTO public.stul (idstul, nazev, avaiablequantity, quantitysum, idtypmista) VALUES (69, 'prvnipatrovpravo-15', 6, 6, 3);
INSERT INTO public.stul (idstul, nazev, avaiablequantity, quantitysum, idtypmista) VALUES (70, 'prvnipatrovpravo-16', 6, 6, 3);
INSERT INTO public.stul (idstul, nazev, avaiablequantity, quantitysum, idtypmista) VALUES (71, 'prvnipatrovpravo-17', 6, 6, 3);
INSERT INTO public.stul (idstul, nazev, avaiablequantity, quantitysum, idtypmista) VALUES (72, 'prvnipatrovpravo-18', 6, 6, 3);
INSERT INTO public.stul (idstul, nazev, avaiablequantity, quantitysum, idtypmista) VALUES (73, 'prvnipatrovpravo-19', 6, 6, 3);
INSERT INTO public.stul (idstul, nazev, avaiablequantity, quantitysum, idtypmista) VALUES (74, 'prvnipatrovpravo-20', 6, 6, 3);
INSERT INTO public.stul (idstul, nazev, avaiablequantity, quantitysum, idtypmista) VALUES (75, 'prvnipatrovpravo-21', 6, 6, 3);
INSERT INTO public.stul (idstul, nazev, avaiablequantity, quantitysum, idtypmista) VALUES (76, 'prvnipatrovpravo-22', 6, 6, 3);
INSERT INTO public.stul (idstul, nazev, avaiablequantity, quantitysum, idtypmista) VALUES (77, 'prvnipatrovpravo-23', 6, 6, 3);
INSERT INTO public.stul (idstul, nazev, avaiablequantity, quantitysum, idtypmista) VALUES (78, 'prvnipatrovpravo-24', 6, 6, 3);
INSERT INTO public.stul (idstul, nazev, avaiablequantity, quantitysum, idtypmista) VALUES (79, 'prvnipatrovpravo-25', 6, 6, 3);

INSERT INTO public.stul (idstul, nazev, avaiablequantity, quantitysum, idtypmista) VALUES (80, 'prvnipatrovlevo-1', 6, 6, 2);
INSERT INTO public.stul (idstul, nazev, avaiablequantity, quantitysum, idtypmista) VALUES (81, 'prvnipatrovlevo-2', 6, 6, 2);
INSERT INTO public.stul (idstul, nazev, avaiablequantity, quantitysum, idtypmista) VALUES (82, 'prvnipatrovlevo-3', 6, 6, 2);
INSERT INTO public.stul (idstul, nazev, avaiablequantity, quantitysum, idtypmista) VALUES (83, 'prvnipatrovlevo-4', 6, 6, 2);
INSERT INTO public.stul (idstul, nazev, avaiablequantity, quantitysum, idtypmista) VALUES (84, 'prvnipatrovlevo-5', 6, 6, 2);
INSERT INTO public.stul (idstul, nazev, avaiablequantity, quantitysum, idtypmista) VALUES (85, 'prvnipatrovlevo-6', 6, 6, 2);
INSERT INTO public.stul (idstul, nazev, avaiablequantity, quantitysum, idtypmista) VALUES (86, 'prvnipatrovlevo-7', 6, 6, 2);
INSERT INTO public.stul (idstul, nazev, avaiablequantity, quantitysum, idtypmista) VALUES (87, 'prvnipatrovlevo-8', 6, 6, 2);
INSERT INTO public.stul (idstul, nazev, avaiablequantity, quantitysum, idtypmista) VALUES (88, 'prvnipatrovlevo-9', 6, 6, 2);
INSERT INTO public.stul (idstul, nazev, avaiablequantity, quantitysum, idtypmista) VALUES (89, 'prvnipatrovlevo-10', 6, 6, 2);
INSERT INTO public.stul (idstul, nazev, avaiablequantity, quantitysum, idtypmista) VALUES (90, 'prvnipatrovlevo-11', 6, 6, 2);
INSERT INTO public.stul (idstul, nazev, avaiablequantity, quantitysum, idtypmista) VALUES (91, 'prvnipatrovlevo-12', 6, 6, 2);
INSERT INTO public.stul (idstul, nazev, avaiablequantity, quantitysum, idtypmista) VALUES (92, 'prvnipatrovlevo-13', 6, 6, 2);
INSERT INTO public.stul (idstul, nazev, avaiablequantity, quantitysum, idtypmista) VALUES (93, 'prvnipatrovlevo-14', 6, 6, 2);
INSERT INTO public.stul (idstul, nazev, avaiablequantity, quantitysum, idtypmista) VALUES (94, 'prvnipatrovlevo-15', 6, 6, 3);
INSERT INTO public.stul (idstul, nazev, avaiablequantity, quantitysum, idtypmista) VALUES (95, 'prvnipatrovlevo-16', 6, 6, 3);
INSERT INTO public.stul (idstul, nazev, avaiablequantity, quantitysum, idtypmista) VALUES (96, 'prvnipatrovlevo-17', 6, 6, 3);
INSERT INTO public.stul (idstul, nazev, avaiablequantity, quantitysum, idtypmista) VALUES (97, 'prvnipatrovlevo-18', 6, 6, 3);
INSERT INTO public.stul (idstul, nazev, avaiablequantity, quantitysum, idtypmista) VALUES (98, 'prvnipatrovlevo-19', 6, 6, 3);
INSERT INTO public.stul (idstul, nazev, avaiablequantity, quantitysum, idtypmista) VALUES (99, 'prvnipatrovlevo-20', 6, 6, 3);
INSERT INTO public.stul (idstul, nazev, avaiablequantity, quantitysum, idtypmista) VALUES (100, 'prvnipatrovlevo-21', 6, 6, 3);
INSERT INTO public.stul (idstul, nazev, avaiablequantity, quantitysum, idtypmista) VALUES (101, 'prvnipatrovlevo-22', 6, 6, 3);
INSERT INTO public.stul (idstul, nazev, avaiablequantity, quantitysum, idtypmista) VALUES (102, 'prvnipatrovlevo-23', 6, 6, 3);
INSERT INTO public.stul (idstul, nazev, avaiablequantity, quantitysum, idtypmista) VALUES (103, 'prvnipatrovlevo-24', 6, 6, 3);
INSERT INTO public.stul (idstul, nazev, avaiablequantity, quantitysum, idtypmista) VALUES (104, 'prvnipatrovlevo-25', 6, 6, 3);
INSERT INTO public.stul (idstul, nazev, avaiablequantity, quantitysum, idtypmista) VALUES (105, 'prvnipatrovlevo-26', 6, 6, 3);
INSERT INTO public.stul (idstul, nazev, avaiablequantity, quantitysum, idtypmista) VALUES (106, 'prvnipatrovlevo-27', 6, 6, 3);
INSERT INTO public.stul (idstul, nazev, avaiablequantity, quantitysum, idtypmista) VALUES (107, 'prvnipatrovlevo-28', 6, 6, 3);
INSERT INTO public.stul (idstul, nazev, avaiablequantity, quantitysum, idtypmista) VALUES (108, 'prvnipatrovlevo-29', 6, 6, 3);

INSERT INTO public.stul (idstul, nazev, avaiablequantity, quantitysum, idtypmista) VALUES (109, 'druhepatrovpravo-1', 6, 6, 2);
INSERT INTO public.stul (idstul, nazev, avaiablequantity, quantitysum, idtypmista) VALUES (110, 'druhepatrovpravo-2', 6, 6, 2);
INSERT INTO public.stul (idstul, nazev, avaiablequantity, quantitysum, idtypmista) VALUES (111, 'druhepatrovpravo-3', 6, 6, 2);
INSERT INTO public.stul (idstul, nazev, avaiablequantity, quantitysum, idtypmista) VALUES (112, 'druhepatrovpravo-4', 6, 6, 2);
INSERT INTO public.stul (idstul, nazev, avaiablequantity, quantitysum, idtypmista) VALUES (113, 'druhepatrovpravo-5', 6, 6, 2);
INSERT INTO public.stul (idstul, nazev, avaiablequantity, quantitysum, idtypmista) VALUES (114, 'druhepatrovpravo-6', 6, 6, 2);
INSERT INTO public.stul (idstul, nazev, avaiablequantity, quantitysum, idtypmista) VALUES (115, 'druhepatrovpravo-7', 6, 6, 2);
INSERT INTO public.stul (idstul, nazev, avaiablequantity, quantitysum, idtypmista) VALUES (116, 'druhepatrovpravo-8', 6, 6, 2);
INSERT INTO public.stul (idstul, nazev, avaiablequantity, quantitysum, idtypmista) VALUES (117, 'druhepatrovpravo-9', 6, 6, 2);
INSERT INTO public.stul (idstul, nazev, avaiablequantity, quantitysum, idtypmista) VALUES (118, 'druhepatrovpravo-10', 6, 6, 2);
INSERT INTO public.stul (idstul, nazev, avaiablequantity, quantitysum, idtypmista) VALUES (119, 'druhepatrovpravo-11', 6, 6, 2);
INSERT INTO public.stul (idstul, nazev, avaiablequantity, quantitysum, idtypmista) VALUES (120, 'druhepatrovpravo-12', 6, 6, 2);
INSERT INTO public.stul (idstul, nazev, avaiablequantity, quantitysum, idtypmista) VALUES (121, 'druhepatrovpravo-13', 6, 6, 3);
INSERT INTO public.stul (idstul, nazev, avaiablequantity, quantitysum, idtypmista) VALUES (122, 'druhepatrovpravo-14', 6, 6, 3);
INSERT INTO public.stul (idstul, nazev, avaiablequantity, quantitysum, idtypmista) VALUES (123, 'druhepatrovpravo-15', 6, 6, 3);
INSERT INTO public.stul (idstul, nazev, avaiablequantity, quantitysum, idtypmista) VALUES (124, 'druhepatrovpravo-16', 6, 6, 3);
INSERT INTO public.stul (idstul, nazev, avaiablequantity, quantitysum, idtypmista) VALUES (125, 'druhepatrovpravo-17', 6, 6, 3);
INSERT INTO public.stul (idstul, nazev, avaiablequantity, quantitysum, idtypmista) VALUES (126, 'druhepatrovpravo-18', 6, 6, 3);
INSERT INTO public.stul (idstul, nazev, avaiablequantity, quantitysum, idtypmista) VALUES (127, 'druhepatrovpravo-19', 6, 6, 3);
INSERT INTO public.stul (idstul, nazev, avaiablequantity, quantitysum, idtypmista) VALUES (128, 'druhepatrovpravo-20', 6, 6, 3);
INSERT INTO public.stul (idstul, nazev, avaiablequantity, quantitysum, idtypmista) VALUES (129, 'druhepatrovpravo-21', 6, 6, 3);
INSERT INTO public.stul (idstul, nazev, avaiablequantity, quantitysum, idtypmista) VALUES (130, 'druhepatrovpravo-22', 6, 6, 3);
INSERT INTO public.stul (idstul, nazev, avaiablequantity, quantitysum, idtypmista) VALUES (131, 'druhepatrovpravo-23', 6, 6, 3);
INSERT INTO public.stul (idstul, nazev, avaiablequantity, quantitysum, idtypmista) VALUES (132, 'druhepatrovpravo-24', 6, 6, 3);

INSERT INTO public.stul (idstul, nazev, avaiablequantity, quantitysum, idtypmista) VALUES (133, 'druhepatrovlevo-1', 6, 6, 2);
INSERT INTO public.stul (idstul, nazev, avaiablequantity, quantitysum, idtypmista) VALUES (134, 'druhepatrovlevo-2', 6, 6, 2);
INSERT INTO public.stul (idstul, nazev, avaiablequantity, quantitysum, idtypmista) VALUES (135, 'druhepatrovlevo-3', 6, 6, 2);
INSERT INTO public.stul (idstul, nazev, avaiablequantity, quantitysum, idtypmista) VALUES (136, 'druhepatrovlevo-4', 6, 6, 2);
INSERT INTO public.stul (idstul, nazev, avaiablequantity, quantitysum, idtypmista) VALUES (137, 'druhepatrovlevo-5', 6, 6, 2);
INSERT INTO public.stul (idstul, nazev, avaiablequantity, quantitysum, idtypmista) VALUES (138, 'druhepatrovlevo-6', 6, 6, 2);
INSERT INTO public.stul (idstul, nazev, avaiablequantity, quantitysum, idtypmista) VALUES (139, 'druhepatrovlevo-7', 6, 6, 2);
INSERT INTO public.stul (idstul, nazev, avaiablequantity, quantitysum, idtypmista) VALUES (140, 'druhepatrovlevo-8', 6, 6, 2);
INSERT INTO public.stul (idstul, nazev, avaiablequantity, quantitysum, idtypmista) VALUES (141, 'druhepatrovlevo-9', 6, 6, 2);
INSERT INTO public.stul (idstul, nazev, avaiablequantity, quantitysum, idtypmista) VALUES (142, 'druhepatrovlevo-10', 6, 6, 2);
INSERT INTO public.stul (idstul, nazev, avaiablequantity, quantitysum, idtypmista) VALUES (143, 'druhepatrovlevo-11', 6, 6, 2);
INSERT INTO public.stul (idstul, nazev, avaiablequantity, quantitysum, idtypmista) VALUES (144, 'druhepatrovlevo-12', 6, 6, 3);
INSERT INTO public.stul (idstul, nazev, avaiablequantity, quantitysum, idtypmista) VALUES (145, 'druhepatrovlevo-13', 6, 6, 3);
INSERT INTO public.stul (idstul, nazev, avaiablequantity, quantitysum, idtypmista) VALUES (146, 'druhepatrovlevo-14', 6, 6, 3);
INSERT INTO public.stul (idstul, nazev, avaiablequantity, quantitysum, idtypmista) VALUES (147, 'druhepatrovlevo-15', 6, 6, 3);
INSERT INTO public.stul (idstul, nazev, avaiablequantity, quantitysum, idtypmista) VALUES (148, 'druhepatrovlevo-16', 6, 6, 3);
INSERT INTO public.stul (idstul, nazev, avaiablequantity, quantitysum, idtypmista) VALUES (149, 'druhepatrovlevo-17', 6, 6, 3);
INSERT INTO public.stul (idstul, nazev, avaiablequantity, quantitysum, idtypmista) VALUES (150, 'druhepatrovlevo-18', 6, 6, 3);
INSERT INTO public.stul (idstul, nazev, avaiablequantity, quantitysum, idtypmista) VALUES (151, 'druhepatrovlevo-19', 6, 6, 3);
INSERT INTO public.stul (idstul, nazev, avaiablequantity, quantitysum, idtypmista) VALUES (152, 'druhepatrovlevo-20', 6, 6, 3);
INSERT INTO public.stul (idstul, nazev, avaiablequantity, quantitysum, idtypmista) VALUES (153, 'druhepatrovlevo-21', 6, 6, 3);
INSERT INTO public.stul (idstul, nazev, avaiablequantity, quantitysum, idtypmista) VALUES (154, 'druhepatrovlevo-22', 6, 6, 3);

INSERT INTO public.stul (idstul, nazev, avaiablequantity, quantitysum, idtypmista) VALUES (155, 'druhepatrovzadu-27', 6, 6, 2);
INSERT INTO public.stul (idstul, nazev, avaiablequantity, quantitysum, idtypmista) VALUES (173, 'druhepatrovzadu-28', 6, 6, 2);
INSERT INTO public.stul (idstul, nazev, avaiablequantity, quantitysum, idtypmista) VALUES (174, 'druhepatrovzadu-29', 6, 6, 2);
INSERT INTO public.stul (idstul, nazev, avaiablequantity, quantitysum, idtypmista) VALUES (175, 'druhepatrovzadu-30', 6, 6, 2);
INSERT INTO public.stul (idstul, nazev, avaiablequantity, quantitysum, idtypmista) VALUES (172, 'druhepatrovzadu-31', 6, 6, 2);

INSERT INTO public.stul (idstul, nazev, avaiablequantity, quantitysum, idtypmista) VALUES (156, 'prizemiloze-2', 6, 6, 4);

INSERT INTO public.stul (idstul, nazev, avaiablequantity, quantitysum, idtypmista) VALUES (157, 'prvnipatroloze-1', 10, 10, 4);
INSERT INTO public.stul (idstul, nazev, avaiablequantity, quantitysum, idtypmista) VALUES (158, 'prvnipatroloze-2', 10, 10, 4);
INSERT INTO public.stul (idstul, nazev, avaiablequantity, quantitysum, idtypmista) VALUES (159, 'prvnipatroloze-3', 10, 10, 4);
INSERT INTO public.stul (idstul, nazev, avaiablequantity, quantitysum, idtypmista) VALUES (160, 'prvnipatroloze-4', 6, 6, 4);
INSERT INTO public.stul (idstul, nazev, avaiablequantity, quantitysum, idtypmista) VALUES (161, 'prvnipatroloze-5', 6, 6, 4);
INSERT INTO public.stul (idstul, nazev, avaiablequantity, quantitysum, idtypmista) VALUES (162, 'prvnipatroloze-6', 6, 6, 4);
INSERT INTO public.stul (idstul, nazev, avaiablequantity, quantitysum, idtypmista) VALUES (163, 'prvnipatroloze-7', 6, 6, 4);
INSERT INTO public.stul (idstul, nazev, avaiablequantity, quantitysum, idtypmista) VALUES (164, 'prvnipatroloze-8', 12, 12, 4);
INSERT INTO public.stul (idstul, nazev, avaiablequantity, quantitysum, idtypmista) VALUES (165, 'prvnipatroloze-9', 6, 6, 4);
INSERT INTO public.stul (idstul, nazev, avaiablequantity, quantitysum, idtypmista) VALUES (166, 'prvnipatroloze-10', 6, 6, 4);
INSERT INTO public.stul (idstul, nazev, avaiablequantity, quantitysum, idtypmista) VALUES (167, 'prvnipatroloze-11', 10, 10, 4);
INSERT INTO public.stul (idstul, nazev, avaiablequantity, quantitysum, idtypmista) VALUES (168, 'prvnipatroloze-12', 6, 6, 4);
INSERT INTO public.stul (idstul, nazev, avaiablequantity, quantitysum, idtypmista) VALUES (169, 'prvnipatroloze-13', 6, 6, 4);
INSERT INTO public.stul (idstul, nazev, avaiablequantity, quantitysum, idtypmista) VALUES (170, 'prvnipatroloze-14', 10, 10, 4);

INSERT INTO public.stul (idstul, nazev, avaiablequantity, quantitysum, idtypmista) VALUES (171, 'druhepatroloze-4', 6, 6, 4);

INSERT INTO public.stul (idstul, nazev, avaiablequantity, quantitysum, idtypmista) VALUES (555, 'stani', 1000, 1000, 1);



INSERT INTO public.misto (idmisto, poradi, idstul, status) VALUES (1, '1', 1, 'A');
INSERT INTO public.misto (idmisto, poradi, idstul, status) VALUES (2, '2', 1, 'A');
INSERT INTO public.misto (idmisto, poradi, idstul, status) VALUES (3, '3', 1, 'A');
INSERT INTO public.misto (idmisto, poradi, idstul, status) VALUES (4, '4', 1, 'A');
INSERT INTO public.misto (idmisto, poradi, idstul, status) VALUES (5, '1', 2, 'A');
INSERT INTO public.misto (idmisto, poradi, idstul, status) VALUES (6, '2', 2, 'A');
INSERT INTO public.misto (idmisto, poradi, idstul, status) VALUES (7, '3', 2, 'A');
INSERT INTO public.misto (idmisto, poradi, idstul, status) VALUES (8, '4', 2, 'A');
INSERT INTO public.misto (idmisto, poradi, idstul, status) VALUES (9, '5', 2, 'A');
INSERT INTO public.misto (idmisto, poradi, idstul, status) VALUES (10, '6', 2, 'A');
INSERT INTO public.misto (idmisto, poradi, idstul, status) VALUES (11, '1', 3, 'A');
INSERT INTO public.misto (idmisto, poradi, idstul, status) VALUES (12, '2', 3, 'A');
INSERT INTO public.misto (idmisto, poradi, idstul, status) VALUES (13, '3', 3, 'A');
INSERT INTO public.misto (idmisto, poradi, idstul, status) VALUES (14, '4', 3, 'A');
INSERT INTO public.misto (idmisto, poradi, idstul, status) VALUES (15, '5', 3, 'A');
INSERT INTO public.misto (idmisto, poradi, idstul, status) VALUES (16, '6', 3, 'A');
INSERT INTO public.misto (idmisto, poradi, idstul, status) VALUES (17, '1', 4, 'A');
INSERT INTO public.misto (idmisto, poradi, idstul, status) VALUES (18, '2', 4, 'A');
INSERT INTO public.misto (idmisto, poradi, idstul, status) VALUES (19, '3', 4, 'A');
INSERT INTO public.misto (idmisto, poradi, idstul, status) VALUES (20, '4', 4, 'A');
INSERT INTO public.misto (idmisto, poradi, idstul, status) VALUES (21, '5', 4, 'A');
INSERT INTO public.misto (idmisto, poradi, idstul, status) VALUES (22, '6', 4, 'A');
INSERT INTO public.misto (idmisto, poradi, idstul, status) VALUES (23, '1', 5, 'A');
INSERT INTO public.misto (idmisto, poradi, idstul, status) VALUES (24, '2', 5, 'A');
INSERT INTO public.misto (idmisto, poradi, idstul, status) VALUES (25, '3', 5, 'A');
INSERT INTO public.misto (idmisto, poradi, idstul, status) VALUES (26, '4', 5, 'A');
INSERT INTO public.misto (idmisto, poradi, idstul, status) VALUES (27, '5', 5, 'A');
INSERT INTO public.misto (idmisto, poradi, idstul, status) VALUES (28, '6', 5, 'A');
INSERT INTO public.misto (idmisto, poradi, idstul, status) VALUES (29, '1', 6, 'A');
INSERT INTO public.misto (idmisto, poradi, idstul, status) VALUES (30, '2', 6, 'A');
INSERT INTO public.misto (idmisto, poradi, idstul, status) VALUES (31, '3', 6, 'A');
INSERT INTO public.misto (idmisto, poradi, idstul, status) VALUES (32, '4', 6, 'A');
INSERT INTO public.misto (idmisto, poradi, idstul, status) VALUES (33, '1', 7, 'A');
INSERT INTO public.misto (idmisto, poradi, idstul, status) VALUES (34, '2', 7, 'A');
INSERT INTO public.misto (idmisto, poradi, idstul, status) VALUES (35, '3', 7, 'A');
INSERT INTO public.misto (idmisto, poradi, idstul, status) VALUES (36, '4', 7, 'A');
INSERT INTO public.misto (idmisto, poradi, idstul, status) VALUES (37, '1', 8, 'A');
INSERT INTO public.misto (idmisto, poradi, idstul, status) VALUES (38, '2', 8, 'A');
INSERT INTO public.misto (idmisto, poradi, idstul, status) VALUES (39, '3', 8, 'A');
INSERT INTO public.misto (idmisto, poradi, idstul, status) VALUES (40, '4', 8, 'A');
INSERT INTO public.misto (idmisto, poradi, idstul, status) VALUES (41, '5', 8, 'A');
INSERT INTO public.misto (idmisto, poradi, idstul, status) VALUES (42, '6', 8, 'A');
INSERT INTO public.misto (idmisto, poradi, idstul, status) VALUES (43, '1', 9, 'A');
INSERT INTO public.misto (idmisto, poradi, idstul, status) VALUES (44, '2', 9, 'A');
INSERT INTO public.misto (idmisto, poradi, idstul, status) VALUES (45, '3', 9, 'A');
INSERT INTO public.misto (idmisto, poradi, idstul, status) VALUES (46, '4', 9, 'A');
INSERT INTO public.misto (idmisto, poradi, idstul, status) VALUES (47, '5', 9, 'A');
INSERT INTO public.misto (idmisto, poradi, idstul, status) VALUES (48, '6', 9, 'A');
INSERT INTO public.misto (idmisto, poradi, idstul, status) VALUES (49, '1', 10, 'A');
INSERT INTO public.misto (idmisto, poradi, idstul, status) VALUES (50, '2', 10, 'A');
INSERT INTO public.misto (idmisto, poradi, idstul, status) VALUES (51, '3', 10, 'A');
INSERT INTO public.misto (idmisto, poradi, idstul, status) VALUES (52, '4', 10, 'A');
INSERT INTO public.misto (idmisto, poradi, idstul, status) VALUES (53, '5', 10, 'A');
INSERT INTO public.misto (idmisto, poradi, idstul, status) VALUES (54, '6', 10, 'A');
INSERT INTO public.misto (idmisto, poradi, idstul, status) VALUES (55, '1', 11, 'A');
INSERT INTO public.misto (idmisto, poradi, idstul, status) VALUES (56, '2', 11, 'A');
INSERT INTO public.misto (idmisto, poradi, idstul, status) VALUES (57, '3', 11, 'A');
INSERT INTO public.misto (idmisto, poradi, idstul, status) VALUES (58, '4', 11, 'A');
INSERT INTO public.misto (idmisto, poradi, idstul, status) VALUES (59, '5', 11, 'A');
INSERT INTO public.misto (idmisto, poradi, idstul, status) VALUES (60, '6', 11, 'A');
INSERT INTO public.misto (idmisto, poradi, idstul, status) VALUES (61, '1', 12, 'A');
INSERT INTO public.misto (idmisto, poradi, idstul, status) VALUES (62, '2', 12, 'A');
INSERT INTO public.misto (idmisto, poradi, idstul, status) VALUES (63, '3', 12, 'A');
INSERT INTO public.misto (idmisto, poradi, idstul, status) VALUES (64, '4', 12, 'A');
INSERT INTO public.misto (idmisto, poradi, idstul, status) VALUES (65, '5', 12, 'A');
INSERT INTO public.misto (idmisto, poradi, idstul, status) VALUES (66, '6', 12, 'A');
INSERT INTO public.misto (idmisto, poradi, idstul, status) VALUES (67, '1', 13, 'A');
INSERT INTO public.misto (idmisto, poradi, idstul, status) VALUES (68, '2', 13, 'A');
INSERT INTO public.misto (idmisto, poradi, idstul, status) VALUES (69, '3', 13, 'A');
INSERT INTO public.misto (idmisto, poradi, idstul, status) VALUES (70, '4', 13, 'A');
INSERT INTO public.misto (idmisto, poradi, idstul, status) VALUES (71, '5', 13, 'A');
INSERT INTO public.misto (idmisto, poradi, idstul, status) VALUES (72, '6', 13, 'A');
INSERT INTO public.misto (idmisto, poradi, idstul, status) VALUES (73, '1', 14, 'A');
INSERT INTO public.misto (idmisto, poradi, idstul, status) VALUES (74, '2', 14, 'A');
INSERT INTO public.misto (idmisto, poradi, idstul, status) VALUES (75, '3', 14, 'A');
INSERT INTO public.misto (idmisto, poradi, idstul, status) VALUES (76, '4', 14, 'A');
INSERT INTO public.misto (idmisto, poradi, idstul, status) VALUES (77, '5', 14, 'A');
INSERT INTO public.misto (idmisto, poradi, idstul, status) VALUES (78, '6', 14, 'A');
INSERT INTO public.misto (idmisto, poradi, idstul, status) VALUES (79, '1', 15, 'A');
INSERT INTO public.misto (idmisto, poradi, idstul, status) VALUES (80, '2', 15, 'A');
INSERT INTO public.misto (idmisto, poradi, idstul, status) VALUES (81, '3', 15, 'A');
INSERT INTO public.misto (idmisto, poradi, idstul, status) VALUES (82, '4', 15, 'A');
INSERT INTO public.misto (idmisto, poradi, idstul, status) VALUES (83, '5', 15, 'A');
INSERT INTO public.misto (idmisto, poradi, idstul, status) VALUES (84, '6', 15, 'A');
INSERT INTO public.misto (idmisto, poradi, idstul, status) VALUES (85, '1', 16, 'A');
INSERT INTO public.misto (idmisto, poradi, idstul, status) VALUES (86, '2', 16, 'A');
INSERT INTO public.misto (idmisto, poradi, idstul, status) VALUES (87, '3', 16, 'A');
INSERT INTO public.misto (idmisto, poradi, idstul, status) VALUES (88, '4', 16, 'A');
INSERT INTO public.misto (idmisto, poradi, idstul, status) VALUES (89, '5', 16, 'A');
INSERT INTO public.misto (idmisto, poradi, idstul, status) VALUES (90, '6', 16, 'A');
INSERT INTO public.misto (idmisto, poradi, idstul, status) VALUES (91, '1', 17, 'A');
INSERT INTO public.misto (idmisto, poradi, idstul, status) VALUES (92, '2', 17, 'A');
INSERT INTO public.misto (idmisto, poradi, idstul, status) VALUES (93, '3', 17, 'A');
INSERT INTO public.misto (idmisto, poradi, idstul, status) VALUES (94, '4', 17, 'A');
INSERT INTO public.misto (idmisto, poradi, idstul, status) VALUES (95, '5', 17, 'A');
INSERT INTO public.misto (idmisto, poradi, idstul, status) VALUES (96, '6', 17, 'A');
INSERT INTO public.misto (idmisto, poradi, idstul, status) VALUES (97, '1', 18, 'A');
INSERT INTO public.misto (idmisto, poradi, idstul, status) VALUES (98, '2', 18, 'A');
INSERT INTO public.misto (idmisto, poradi, idstul, status) VALUES (99, '3', 18, 'A');
INSERT INTO public.misto (idmisto, poradi, idstul, status) VALUES (100, '4', 18, 'A');
INSERT INTO public.misto (idmisto, poradi, idstul, status) VALUES (101, '5', 18, 'A');
INSERT INTO public.misto (idmisto, poradi, idstul, status) VALUES (102, '6', 18, 'A');
INSERT INTO public.misto (idmisto, poradi, idstul, status) VALUES (103, '1', 19, 'A');
INSERT INTO public.misto (idmisto, poradi, idstul, status) VALUES (104, '2', 19, 'A');
INSERT INTO public.misto (idmisto, poradi, idstul, status) VALUES (105, '3', 19, 'A');
INSERT INTO public.misto (idmisto, poradi, idstul, status) VALUES (106, '4', 19, 'A');
INSERT INTO public.misto (idmisto, poradi, idstul, status) VALUES (107, '5', 19, 'A');
INSERT INTO public.misto (idmisto, poradi, idstul, status) VALUES (108, '6', 19, 'A');
INSERT INTO public.misto (idmisto, poradi, idstul, status) VALUES (109, '1', 20, 'A');
INSERT INTO public.misto (idmisto, poradi, idstul, status) VALUES (110, '2', 20, 'A');
INSERT INTO public.misto (idmisto, poradi, idstul, status) VALUES (111, '3', 20, 'A');
INSERT INTO public.misto (idmisto, poradi, idstul, status) VALUES (112, '4', 20, 'A');
INSERT INTO public.misto (idmisto, poradi, idstul, status) VALUES (113, '5', 20, 'A');
INSERT INTO public.misto (idmisto, poradi, idstul, status) VALUES (114, '6', 20, 'A');
INSERT INTO public.misto (idmisto, poradi, idstul, status) VALUES (115, '1', 21, 'A');
INSERT INTO public.misto (idmisto, poradi, idstul, status) VALUES (116, '2', 21, 'A');
INSERT INTO public.misto (idmisto, poradi, idstul, status) VALUES (117, '3', 21, 'A');
INSERT INTO public.misto (idmisto, poradi, idstul, status) VALUES (118, '4', 21, 'A');
INSERT INTO public.misto (idmisto, poradi, idstul, status) VALUES (119, '5', 21, 'A');
INSERT INTO public.misto (idmisto, poradi, idstul, status) VALUES (120, '6', 21, 'A');
INSERT INTO public.misto (idmisto, poradi, idstul, status) VALUES (121, '1', 22, 'A');
INSERT INTO public.misto (idmisto, poradi, idstul, status) VALUES (122, '2', 22, 'A');
INSERT INTO public.misto (idmisto, poradi, idstul, status) VALUES (123, '3', 22, 'A');
INSERT INTO public.misto (idmisto, poradi, idstul, status) VALUES (124, '4', 22, 'A');
INSERT INTO public.misto (idmisto, poradi, idstul, status) VALUES (125, '5', 22, 'A');
INSERT INTO public.misto (idmisto, poradi, idstul, status) VALUES (126, '6', 22, 'A');
INSERT INTO public.misto (idmisto, poradi, idstul, status) VALUES (127, '1', 23, 'A');
INSERT INTO public.misto (idmisto, poradi, idstul, status) VALUES (128, '2', 23, 'A');
INSERT INTO public.misto (idmisto, poradi, idstul, status) VALUES (129, '3', 23, 'A');
INSERT INTO public.misto (idmisto, poradi, idstul, status) VALUES (130, '4', 23, 'A');
INSERT INTO public.misto (idmisto, poradi, idstul, status) VALUES (131, '5', 23, 'A');
INSERT INTO public.misto (idmisto, poradi, idstul, status) VALUES (132, '6', 23, 'A');
INSERT INTO public.misto (idmisto, poradi, idstul, status) VALUES (133, '1', 24, 'A');
INSERT INTO public.misto (idmisto, poradi, idstul, status) VALUES (134, '2', 24, 'A');
INSERT INTO public.misto (idmisto, poradi, idstul, status) VALUES (135, '3', 24, 'A');
INSERT INTO public.misto (idmisto, poradi, idstul, status) VALUES (136, '4', 24, 'A');
INSERT INTO public.misto (idmisto, poradi, idstul, status) VALUES (137, '5', 24, 'A');
INSERT INTO public.misto (idmisto, poradi, idstul, status) VALUES (138, '6', 24, 'A');
INSERT INTO public.misto (idmisto, poradi, idstul, status) VALUES (139, '1', 25, 'A');
INSERT INTO public.misto (idmisto, poradi, idstul, status) VALUES (140, '2', 25, 'A');
INSERT INTO public.misto (idmisto, poradi, idstul, status) VALUES (141, '3', 25, 'A');
INSERT INTO public.misto (idmisto, poradi, idstul, status) VALUES (142, '4', 25, 'A');
INSERT INTO public.misto (idmisto, poradi, idstul, status) VALUES (143, '5', 25, 'A');
INSERT INTO public.misto (idmisto, poradi, idstul, status) VALUES (144, '6', 25, 'A');
INSERT INTO public.misto (idmisto, poradi, idstul, status) VALUES (145, '1', 26, 'A');
INSERT INTO public.misto (idmisto, poradi, idstul, status) VALUES (146, '2', 26, 'A');
INSERT INTO public.misto (idmisto, poradi, idstul, status) VALUES (147, '3', 26, 'A');
INSERT INTO public.misto (idmisto, poradi, idstul, status) VALUES (148, '4', 26, 'A');
INSERT INTO public.misto (idmisto, poradi, idstul, status) VALUES (149, '5', 26, 'A');
INSERT INTO public.misto (idmisto, poradi, idstul, status) VALUES (150, '6', 26, 'A');
INSERT INTO public.misto (idmisto, poradi, idstul, status) VALUES (151, '1', 27, 'A');
INSERT INTO public.misto (idmisto, poradi, idstul, status) VALUES (152, '2', 27, 'A');
INSERT INTO public.misto (idmisto, poradi, idstul, status) VALUES (153, '3', 27, 'A');
INSERT INTO public.misto (idmisto, poradi, idstul, status) VALUES (154, '4', 27, 'A');
INSERT INTO public.misto (idmisto, poradi, idstul, status) VALUES (155, '5', 27, 'A');
INSERT INTO public.misto (idmisto, poradi, idstul, status) VALUES (156, '6', 27, 'A');
INSERT INTO public.misto (idmisto, poradi, idstul, status) VALUES (157, '1', 28, 'A');
INSERT INTO public.misto (idmisto, poradi, idstul, status) VALUES (158, '2', 28, 'A');
INSERT INTO public.misto (idmisto, poradi, idstul, status) VALUES (159, '3', 28, 'A');
INSERT INTO public.misto (idmisto, poradi, idstul, status) VALUES (160, '4', 28, 'A');
INSERT INTO public.misto (idmisto, poradi, idstul, status) VALUES (161, '5', 28, 'A');
INSERT INTO public.misto (idmisto, poradi, idstul, status) VALUES (162, '6', 28, 'A');
INSERT INTO public.misto (idmisto, poradi, idstul, status) VALUES (163, '1', 29, 'A');
INSERT INTO public.misto (idmisto, poradi, idstul, status) VALUES (164, '2', 29, 'A');
INSERT INTO public.misto (idmisto, poradi, idstul, status) VALUES (165, '3', 29, 'A');
INSERT INTO public.misto (idmisto, poradi, idstul, status) VALUES (166, '4', 29, 'A');
INSERT INTO public.misto (idmisto, poradi, idstul, status) VALUES (167, '5', 29, 'A');
INSERT INTO public.misto (idmisto, poradi, idstul, status) VALUES (168, '6', 29, 'A');
INSERT INTO public.misto (idmisto, poradi, idstul, status) VALUES (169, '1', 30, 'A');
INSERT INTO public.misto (idmisto, poradi, idstul, status) VALUES (170, '2', 30, 'A');
INSERT INTO public.misto (idmisto, poradi, idstul, status) VALUES (171, '3', 30, 'A');
INSERT INTO public.misto (idmisto, poradi, idstul, status) VALUES (172, '4', 30, 'A');
INSERT INTO public.misto (idmisto, poradi, idstul, status) VALUES (173, '5', 30, 'A');
INSERT INTO public.misto (idmisto, poradi, idstul, status) VALUES (174, '6', 30, 'A');
INSERT INTO public.misto (idmisto, poradi, idstul, status) VALUES (175, '1', 31, 'A');
INSERT INTO public.misto (idmisto, poradi, idstul, status) VALUES (176, '2', 31, 'A');
INSERT INTO public.misto (idmisto, poradi, idstul, status) VALUES (177, '3', 31, 'A');
INSERT INTO public.misto (idmisto, poradi, idstul, status) VALUES (178, '4', 31, 'A');
INSERT INTO public.misto (idmisto, poradi, idstul, status) VALUES (179, '1', 32, 'A');
INSERT INTO public.misto (idmisto, poradi, idstul, status) VALUES (180, '2', 32, 'A');
INSERT INTO public.misto (idmisto, poradi, idstul, status) VALUES (181, '3', 32, 'A');
INSERT INTO public.misto (idmisto, poradi, idstul, status) VALUES (182, '4', 32, 'A');
INSERT INTO public.misto (idmisto, poradi, idstul, status) VALUES (183, '1', 33, 'A');
INSERT INTO public.misto (idmisto, poradi, idstul, status) VALUES (184, '2', 33, 'A');
INSERT INTO public.misto (idmisto, poradi, idstul, status) VALUES (185, '3', 33, 'A');
INSERT INTO public.misto (idmisto, poradi, idstul, status) VALUES (186, '4', 33, 'A');
INSERT INTO public.misto (idmisto, poradi, idstul, status) VALUES (187, '5', 33, 'A');
INSERT INTO public.misto (idmisto, poradi, idstul, status) VALUES (188, '6', 33, 'A');
INSERT INTO public.misto (idmisto, poradi, idstul, status) VALUES (189, '1', 34, 'A');
INSERT INTO public.misto (idmisto, poradi, idstul, status) VALUES (190, '2', 34, 'A');
INSERT INTO public.misto (idmisto, poradi, idstul, status) VALUES (191, '3', 34, 'A');
INSERT INTO public.misto (idmisto, poradi, idstul, status) VALUES (192, '4', 34, 'A');
INSERT INTO public.misto (idmisto, poradi, idstul, status) VALUES (193, '5', 34, 'A');
INSERT INTO public.misto (idmisto, poradi, idstul, status) VALUES (194, '6', 34, 'A');
INSERT INTO public.misto (idmisto, poradi, idstul, status) VALUES (195, '1', 35, 'A');
INSERT INTO public.misto (idmisto, poradi, idstul, status) VALUES (196, '2', 35, 'A');
INSERT INTO public.misto (idmisto, poradi, idstul, status) VALUES (197, '3', 35, 'A');
INSERT INTO public.misto (idmisto, poradi, idstul, status) VALUES (198, '4', 35, 'A');
INSERT INTO public.misto (idmisto, poradi, idstul, status) VALUES (199, '5', 35, 'A');
INSERT INTO public.misto (idmisto, poradi, idstul, status) VALUES (200, '6', 35, 'A');
INSERT INTO public.misto (idmisto, poradi, idstul, status) VALUES (201, '1', 36, 'A');
INSERT INTO public.misto (idmisto, poradi, idstul, status) VALUES (202, '2', 36, 'A');
INSERT INTO public.misto (idmisto, poradi, idstul, status) VALUES (203, '3', 36, 'A');
INSERT INTO public.misto (idmisto, poradi, idstul, status) VALUES (204, '4', 36, 'A');
INSERT INTO public.misto (idmisto, poradi, idstul, status) VALUES (205, '5', 36, 'A');
INSERT INTO public.misto (idmisto, poradi, idstul, status) VALUES (206, '6', 36, 'A');
INSERT INTO public.misto (idmisto, poradi, idstul, status) VALUES (207, '1', 37, 'A');
INSERT INTO public.misto (idmisto, poradi, idstul, status) VALUES (208, '2', 37, 'A');
INSERT INTO public.misto (idmisto, poradi, idstul, status) VALUES (209, '3', 37, 'A');
INSERT INTO public.misto (idmisto, poradi, idstul, status) VALUES (210, '4', 37, 'A');
INSERT INTO public.misto (idmisto, poradi, idstul, status) VALUES (211, '5', 37, 'A');
INSERT INTO public.misto (idmisto, poradi, idstul, status) VALUES (212, '6', 37, 'A');
INSERT INTO public.misto (idmisto, poradi, idstul, status) VALUES (213, '1', 38, 'A');
INSERT INTO public.misto (idmisto, poradi, idstul, status) VALUES (214, '2', 38, 'A');
INSERT INTO public.misto (idmisto, poradi, idstul, status) VALUES (215, '3', 38, 'A');
INSERT INTO public.misto (idmisto, poradi, idstul, status) VALUES (216, '4', 38, 'A');
INSERT INTO public.misto (idmisto, poradi, idstul, status) VALUES (217, '5', 38, 'A');
INSERT INTO public.misto (idmisto, poradi, idstul, status) VALUES (218, '6', 38, 'A');
INSERT INTO public.misto (idmisto, poradi, idstul, status) VALUES (219, '1', 39, 'A');
INSERT INTO public.misto (idmisto, poradi, idstul, status) VALUES (220, '2', 39, 'A');
INSERT INTO public.misto (idmisto, poradi, idstul, status) VALUES (221, '3', 39, 'A');
INSERT INTO public.misto (idmisto, poradi, idstul, status) VALUES (222, '4', 39, 'A');
INSERT INTO public.misto (idmisto, poradi, idstul, status) VALUES (223, '5', 39, 'A');
INSERT INTO public.misto (idmisto, poradi, idstul, status) VALUES (224, '6', 39, 'A');
INSERT INTO public.misto (idmisto, poradi, idstul, status) VALUES (225, '1', 40, 'A');
INSERT INTO public.misto (idmisto, poradi, idstul, status) VALUES (226, '2', 40, 'A');
INSERT INTO public.misto (idmisto, poradi, idstul, status) VALUES (227, '3', 40, 'A');
INSERT INTO public.misto (idmisto, poradi, idstul, status) VALUES (228, '4', 40, 'A');
INSERT INTO public.misto (idmisto, poradi, idstul, status) VALUES (229, '5', 40, 'A');
INSERT INTO public.misto (idmisto, poradi, idstul, status) VALUES (230, '6', 40, 'A');
INSERT INTO public.misto (idmisto, poradi, idstul, status) VALUES (231, '1', 41, 'A');
INSERT INTO public.misto (idmisto, poradi, idstul, status) VALUES (232, '2', 41, 'A');
INSERT INTO public.misto (idmisto, poradi, idstul, status) VALUES (233, '3', 41, 'A');
INSERT INTO public.misto (idmisto, poradi, idstul, status) VALUES (234, '4', 41, 'A');
INSERT INTO public.misto (idmisto, poradi, idstul, status) VALUES (235, '5', 41, 'A');
INSERT INTO public.misto (idmisto, poradi, idstul, status) VALUES (236, '6', 41, 'A');
INSERT INTO public.misto (idmisto, poradi, idstul, status) VALUES (237, '1', 42, 'A');
INSERT INTO public.misto (idmisto, poradi, idstul, status) VALUES (238, '2', 42, 'A');
INSERT INTO public.misto (idmisto, poradi, idstul, status) VALUES (239, '3', 42, 'A');
INSERT INTO public.misto (idmisto, poradi, idstul, status) VALUES (240, '4', 42, 'A');
INSERT INTO public.misto (idmisto, poradi, idstul, status) VALUES (241, '5', 42, 'A');
INSERT INTO public.misto (idmisto, poradi, idstul, status) VALUES (242, '6', 42, 'A');
INSERT INTO public.misto (idmisto, poradi, idstul, status) VALUES (243, '1', 43, 'A');
INSERT INTO public.misto (idmisto, poradi, idstul, status) VALUES (244, '2', 43, 'A');
INSERT INTO public.misto (idmisto, poradi, idstul, status) VALUES (245, '3', 43, 'A');
INSERT INTO public.misto (idmisto, poradi, idstul, status) VALUES (246, '4', 43, 'A');
INSERT INTO public.misto (idmisto, poradi, idstul, status) VALUES (247, '5', 43, 'A');
INSERT INTO public.misto (idmisto, poradi, idstul, status) VALUES (248, '6', 43, 'A');
INSERT INTO public.misto (idmisto, poradi, idstul, status) VALUES (249, '1', 44, 'A');
INSERT INTO public.misto (idmisto, poradi, idstul, status) VALUES (250, '2', 44, 'A');
INSERT INTO public.misto (idmisto, poradi, idstul, status) VALUES (251, '3', 44, 'A');
INSERT INTO public.misto (idmisto, poradi, idstul, status) VALUES (252, '4', 44, 'A');
INSERT INTO public.misto (idmisto, poradi, idstul, status) VALUES (253, '5', 44, 'A');
INSERT INTO public.misto (idmisto, poradi, idstul, status) VALUES (254, '6', 44, 'A');
INSERT INTO public.misto (idmisto, poradi, idstul, status) VALUES (255, '1', 45, 'A');
INSERT INTO public.misto (idmisto, poradi, idstul, status) VALUES (256, '2', 45, 'A');
INSERT INTO public.misto (idmisto, poradi, idstul, status) VALUES (257, '3', 45, 'A');
INSERT INTO public.misto (idmisto, poradi, idstul, status) VALUES (258, '4', 45, 'A');
INSERT INTO public.misto (idmisto, poradi, idstul, status) VALUES (259, '5', 45, 'A');
INSERT INTO public.misto (idmisto, poradi, idstul, status) VALUES (260, '6', 45, 'A');
INSERT INTO public.misto (idmisto, poradi, idstul, status) VALUES (261, '1', 46, 'A');
INSERT INTO public.misto (idmisto, poradi, idstul, status) VALUES (262, '2', 46, 'A');
INSERT INTO public.misto (idmisto, poradi, idstul, status) VALUES (263, '3', 46, 'A');
INSERT INTO public.misto (idmisto, poradi, idstul, status) VALUES (264, '4', 46, 'A');
INSERT INTO public.misto (idmisto, poradi, idstul, status) VALUES (265, '5', 46, 'A');
INSERT INTO public.misto (idmisto, poradi, idstul, status) VALUES (266, '6', 46, 'A');
INSERT INTO public.misto (idmisto, poradi, idstul, status) VALUES (267, '1', 47, 'A');
INSERT INTO public.misto (idmisto, poradi, idstul, status) VALUES (268, '2', 47, 'A');
INSERT INTO public.misto (idmisto, poradi, idstul, status) VALUES (269, '3', 47, 'A');
INSERT INTO public.misto (idmisto, poradi, idstul, status) VALUES (270, '4', 47, 'A');
INSERT INTO public.misto (idmisto, poradi, idstul, status) VALUES (271, '5', 47, 'A');
INSERT INTO public.misto (idmisto, poradi, idstul, status) VALUES (272, '6', 47, 'A');
INSERT INTO public.misto (idmisto, poradi, idstul, status) VALUES (273, '1', 48, 'A');
INSERT INTO public.misto (idmisto, poradi, idstul, status) VALUES (274, '2', 48, 'A');
INSERT INTO public.misto (idmisto, poradi, idstul, status) VALUES (275, '3', 48, 'A');
INSERT INTO public.misto (idmisto, poradi, idstul, status) VALUES (276, '4', 48, 'A');
INSERT INTO public.misto (idmisto, poradi, idstul, status) VALUES (277, '5', 48, 'A');
INSERT INTO public.misto (idmisto, poradi, idstul, status) VALUES (278, '6', 48, 'A');
INSERT INTO public.misto (idmisto, poradi, idstul, status) VALUES (279, '1', 49, 'A');
INSERT INTO public.misto (idmisto, poradi, idstul, status) VALUES (280, '2', 49, 'A');
INSERT INTO public.misto (idmisto, poradi, idstul, status) VALUES (281, '3', 49, 'A');
INSERT INTO public.misto (idmisto, poradi, idstul, status) VALUES (282, '4', 49, 'A');
INSERT INTO public.misto (idmisto, poradi, idstul, status) VALUES (283, '5', 49, 'A');
INSERT INTO public.misto (idmisto, poradi, idstul, status) VALUES (284, '6', 49, 'A');
INSERT INTO public.misto (idmisto, poradi, idstul, status) VALUES (285, '1', 50, 'A');
INSERT INTO public.misto (idmisto, poradi, idstul, status) VALUES (286, '2', 50, 'A');
INSERT INTO public.misto (idmisto, poradi, idstul, status) VALUES (287, '3', 50, 'A');
INSERT INTO public.misto (idmisto, poradi, idstul, status) VALUES (288, '4', 50, 'A');
INSERT INTO public.misto (idmisto, poradi, idstul, status) VALUES (289, '5', 50, 'A');
INSERT INTO public.misto (idmisto, poradi, idstul, status) VALUES (290, '6', 50, 'A');
INSERT INTO public.misto (idmisto, poradi, idstul, status) VALUES (291, '1', 51, 'A');
INSERT INTO public.misto (idmisto, poradi, idstul, status) VALUES (292, '2', 51, 'A');
INSERT INTO public.misto (idmisto, poradi, idstul, status) VALUES (293, '3', 51, 'A');
INSERT INTO public.misto (idmisto, poradi, idstul, status) VALUES (294, '4', 51, 'A');
INSERT INTO public.misto (idmisto, poradi, idstul, status) VALUES (295, '5', 51, 'A');
INSERT INTO public.misto (idmisto, poradi, idstul, status) VALUES (296, '6', 51, 'A');
INSERT INTO public.misto (idmisto, poradi, idstul, status) VALUES (297, '1', 52, 'A');
INSERT INTO public.misto (idmisto, poradi, idstul, status) VALUES (298, '2', 52, 'A');
INSERT INTO public.misto (idmisto, poradi, idstul, status) VALUES (299, '3', 52, 'A');
INSERT INTO public.misto (idmisto, poradi, idstul, status) VALUES (300, '4', 52, 'A');
INSERT INTO public.misto (idmisto, poradi, idstul, status) VALUES (301, '5', 52, 'A');
INSERT INTO public.misto (idmisto, poradi, idstul, status) VALUES (302, '6', 52, 'A');
INSERT INTO public.misto (idmisto, poradi, idstul, status) VALUES (303, '1', 53, 'A');
INSERT INTO public.misto (idmisto, poradi, idstul, status) VALUES (304, '2', 53, 'A');
INSERT INTO public.misto (idmisto, poradi, idstul, status) VALUES (305, '3', 53, 'A');
INSERT INTO public.misto (idmisto, poradi, idstul, status) VALUES (306, '4', 53, 'A');
INSERT INTO public.misto (idmisto, poradi, idstul, status) VALUES (307, '5', 53, 'A');
INSERT INTO public.misto (idmisto, poradi, idstul, status) VALUES (308, '6', 53, 'A');
INSERT INTO public.misto (idmisto, poradi, idstul, status) VALUES (309, '1', 54, 'A');
INSERT INTO public.misto (idmisto, poradi, idstul, status) VALUES (310, '2', 54, 'A');
INSERT INTO public.misto (idmisto, poradi, idstul, status) VALUES (311, '3', 54, 'A');
INSERT INTO public.misto (idmisto, poradi, idstul, status) VALUES (312, '4', 54, 'A');
INSERT INTO public.misto (idmisto, poradi, idstul, status) VALUES (313, '5', 54, 'A');
INSERT INTO public.misto (idmisto, poradi, idstul, status) VALUES (314, '6', 54, 'A');
INSERT INTO public.misto (idmisto, poradi, idstul, status) VALUES (315, '1', 55, 'A');
INSERT INTO public.misto (idmisto, poradi, idstul, status) VALUES (316, '2', 55, 'A');
INSERT INTO public.misto (idmisto, poradi, idstul, status) VALUES (317, '3', 55, 'A');
INSERT INTO public.misto (idmisto, poradi, idstul, status) VALUES (318, '4', 55, 'A');
INSERT INTO public.misto (idmisto, poradi, idstul, status) VALUES (319, '5', 55, 'A');
INSERT INTO public.misto (idmisto, poradi, idstul, status) VALUES (320, '6', 55, 'A');
INSERT INTO public.misto (idmisto, poradi, idstul, status) VALUES (321, '1', 56, 'A');
INSERT INTO public.misto (idmisto, poradi, idstul, status) VALUES (322, '2', 56, 'A');
INSERT INTO public.misto (idmisto, poradi, idstul, status) VALUES (323, '3', 56, 'A');
INSERT INTO public.misto (idmisto, poradi, idstul, status) VALUES (324, '4', 56, 'A');
INSERT INTO public.misto (idmisto, poradi, idstul, status) VALUES (325, '5', 56, 'A');
INSERT INTO public.misto (idmisto, poradi, idstul, status) VALUES (326, '6', 56, 'A');
INSERT INTO public.misto (idmisto, poradi, idstul, status) VALUES (327, '1', 57, 'A');
INSERT INTO public.misto (idmisto, poradi, idstul, status) VALUES (328, '2', 57, 'A');
INSERT INTO public.misto (idmisto, poradi, idstul, status) VALUES (329, '3', 57, 'A');
INSERT INTO public.misto (idmisto, poradi, idstul, status) VALUES (330, '4', 57, 'A');
INSERT INTO public.misto (idmisto, poradi, idstul, status) VALUES (331, '5', 57, 'A');
INSERT INTO public.misto (idmisto, poradi, idstul, status) VALUES (332, '6', 57, 'A');
INSERT INTO public.misto (idmisto, poradi, idstul, status) VALUES (333, '1', 58, 'A');
INSERT INTO public.misto (idmisto, poradi, idstul, status) VALUES (334, '2', 58, 'A');
INSERT INTO public.misto (idmisto, poradi, idstul, status) VALUES (335, '3', 58, 'A');
INSERT INTO public.misto (idmisto, poradi, idstul, status) VALUES (336, '4', 58, 'A');
INSERT INTO public.misto (idmisto, poradi, idstul, status) VALUES (337, '5', 58, 'A');
INSERT INTO public.misto (idmisto, poradi, idstul, status) VALUES (338, '6', 58, 'A');
INSERT INTO public.misto (idmisto, poradi, idstul, status) VALUES (339, '1', 59, 'A');
INSERT INTO public.misto (idmisto, poradi, idstul, status) VALUES (340, '2', 59, 'A');
INSERT INTO public.misto (idmisto, poradi, idstul, status) VALUES (341, '3', 59, 'A');
INSERT INTO public.misto (idmisto, poradi, idstul, status) VALUES (342, '4', 59, 'A');
INSERT INTO public.misto (idmisto, poradi, idstul, status) VALUES (343, '5', 59, 'A');
INSERT INTO public.misto (idmisto, poradi, idstul, status) VALUES (344, '6', 59, 'A');
INSERT INTO public.misto (idmisto, poradi, idstul, status) VALUES (345, '1', 60, 'A');
INSERT INTO public.misto (idmisto, poradi, idstul, status) VALUES (346, '2', 60, 'A');
INSERT INTO public.misto (idmisto, poradi, idstul, status) VALUES (347, '3', 60, 'A');
INSERT INTO public.misto (idmisto, poradi, idstul, status) VALUES (348, '4', 60, 'A');
INSERT INTO public.misto (idmisto, poradi, idstul, status) VALUES (349, '5', 60, 'A');
INSERT INTO public.misto (idmisto, poradi, idstul, status) VALUES (350, '6', 60, 'A');
INSERT INTO public.misto (idmisto, poradi, idstul, status) VALUES (351, '1', 61, 'A');
INSERT INTO public.misto (idmisto, poradi, idstul, status) VALUES (352, '2', 61, 'A');
INSERT INTO public.misto (idmisto, poradi, idstul, status) VALUES (353, '3', 61, 'A');
INSERT INTO public.misto (idmisto, poradi, idstul, status) VALUES (354, '4', 61, 'A');
INSERT INTO public.misto (idmisto, poradi, idstul, status) VALUES (355, '5', 61, 'A');
INSERT INTO public.misto (idmisto, poradi, idstul, status) VALUES (356, '6', 61, 'A');
INSERT INTO public.misto (idmisto, poradi, idstul, status) VALUES (357, '1', 62, 'A');
INSERT INTO public.misto (idmisto, poradi, idstul, status) VALUES (358, '2', 62, 'A');
INSERT INTO public.misto (idmisto, poradi, idstul, status) VALUES (359, '3', 62, 'A');
INSERT INTO public.misto (idmisto, poradi, idstul, status) VALUES (360, '4', 62, 'A');
INSERT INTO public.misto (idmisto, poradi, idstul, status) VALUES (361, '5', 62, 'A');
INSERT INTO public.misto (idmisto, poradi, idstul, status) VALUES (362, '6', 62, 'A');
INSERT INTO public.misto (idmisto, poradi, idstul, status) VALUES (363, '1', 63, 'A');
INSERT INTO public.misto (idmisto, poradi, idstul, status) VALUES (364, '2', 63, 'A');
INSERT INTO public.misto (idmisto, poradi, idstul, status) VALUES (365, '3', 63, 'A');
INSERT INTO public.misto (idmisto, poradi, idstul, status) VALUES (366, '4', 63, 'A');
INSERT INTO public.misto (idmisto, poradi, idstul, status) VALUES (367, '5', 63, 'A');
INSERT INTO public.misto (idmisto, poradi, idstul, status) VALUES (368, '6', 63, 'A');
INSERT INTO public.misto (idmisto, poradi, idstul, status) VALUES (369, '1', 64, 'A');
INSERT INTO public.misto (idmisto, poradi, idstul, status) VALUES (370, '2', 64, 'A');
INSERT INTO public.misto (idmisto, poradi, idstul, status) VALUES (371, '3', 64, 'A');
INSERT INTO public.misto (idmisto, poradi, idstul, status) VALUES (372, '4', 64, 'A');
INSERT INTO public.misto (idmisto, poradi, idstul, status) VALUES (373, '5', 64, 'A');
INSERT INTO public.misto (idmisto, poradi, idstul, status) VALUES (374, '6', 64, 'A');
INSERT INTO public.misto (idmisto, poradi, idstul, status) VALUES (375, '1', 65, 'A');
INSERT INTO public.misto (idmisto, poradi, idstul, status) VALUES (376, '2', 65, 'A');
INSERT INTO public.misto (idmisto, poradi, idstul, status) VALUES (377, '3', 65, 'A');
INSERT INTO public.misto (idmisto, poradi, idstul, status) VALUES (378, '4', 65, 'A');
INSERT INTO public.misto (idmisto, poradi, idstul, status) VALUES (379, '5', 65, 'A');
INSERT INTO public.misto (idmisto, poradi, idstul, status) VALUES (380, '6', 65, 'A');
INSERT INTO public.misto (idmisto, poradi, idstul, status) VALUES (381, '1', 66, 'A');
INSERT INTO public.misto (idmisto, poradi, idstul, status) VALUES (382, '2', 66, 'A');
INSERT INTO public.misto (idmisto, poradi, idstul, status) VALUES (383, '3', 66, 'A');
INSERT INTO public.misto (idmisto, poradi, idstul, status) VALUES (384, '4', 66, 'A');
INSERT INTO public.misto (idmisto, poradi, idstul, status) VALUES (385, '5', 66, 'A');
INSERT INTO public.misto (idmisto, poradi, idstul, status) VALUES (386, '6', 66, 'A');
INSERT INTO public.misto (idmisto, poradi, idstul, status) VALUES (387, '1', 67, 'A');
INSERT INTO public.misto (idmisto, poradi, idstul, status) VALUES (388, '2', 67, 'A');
INSERT INTO public.misto (idmisto, poradi, idstul, status) VALUES (389, '3', 67, 'A');
INSERT INTO public.misto (idmisto, poradi, idstul, status) VALUES (390, '4', 67, 'A');
INSERT INTO public.misto (idmisto, poradi, idstul, status) VALUES (391, '5', 67, 'A');
INSERT INTO public.misto (idmisto, poradi, idstul, status) VALUES (392, '6', 67, 'A');
INSERT INTO public.misto (idmisto, poradi, idstul, status) VALUES (393, '1', 68, 'A');
INSERT INTO public.misto (idmisto, poradi, idstul, status) VALUES (394, '2', 68, 'A');
INSERT INTO public.misto (idmisto, poradi, idstul, status) VALUES (395, '3', 68, 'A');
INSERT INTO public.misto (idmisto, poradi, idstul, status) VALUES (396, '4', 68, 'A');
INSERT INTO public.misto (idmisto, poradi, idstul, status) VALUES (397, '5', 68, 'A');
INSERT INTO public.misto (idmisto, poradi, idstul, status) VALUES (398, '6', 68, 'A');
INSERT INTO public.misto (idmisto, poradi, idstul, status) VALUES (399, '1', 69, 'A');
INSERT INTO public.misto (idmisto, poradi, idstul, status) VALUES (400, '2', 69, 'A');
INSERT INTO public.misto (idmisto, poradi, idstul, status) VALUES (401, '3', 69, 'A');
INSERT INTO public.misto (idmisto, poradi, idstul, status) VALUES (402, '4', 69, 'A');
INSERT INTO public.misto (idmisto, poradi, idstul, status) VALUES (403, '5', 69, 'A');
INSERT INTO public.misto (idmisto, poradi, idstul, status) VALUES (404, '6', 69, 'A');
INSERT INTO public.misto (idmisto, poradi, idstul, status) VALUES (405, '1', 70, 'A');
INSERT INTO public.misto (idmisto, poradi, idstul, status) VALUES (406, '2', 70, 'A');
INSERT INTO public.misto (idmisto, poradi, idstul, status) VALUES (407, '3', 70, 'A');
INSERT INTO public.misto (idmisto, poradi, idstul, status) VALUES (408, '4', 70, 'A');
INSERT INTO public.misto (idmisto, poradi, idstul, status) VALUES (409, '5', 70, 'A');
INSERT INTO public.misto (idmisto, poradi, idstul, status) VALUES (410, '6', 70, 'A');
INSERT INTO public.misto (idmisto, poradi, idstul, status) VALUES (411, '1', 71, 'A');
INSERT INTO public.misto (idmisto, poradi, idstul, status) VALUES (412, '2', 71, 'A');
INSERT INTO public.misto (idmisto, poradi, idstul, status) VALUES (413, '3', 71, 'A');
INSERT INTO public.misto (idmisto, poradi, idstul, status) VALUES (414, '4', 71, 'A');
INSERT INTO public.misto (idmisto, poradi, idstul, status) VALUES (415, '5', 71, 'A');
INSERT INTO public.misto (idmisto, poradi, idstul, status) VALUES (416, '6', 71, 'A');
INSERT INTO public.misto (idmisto, poradi, idstul, status) VALUES (417, '1', 72, 'A');
INSERT INTO public.misto (idmisto, poradi, idstul, status) VALUES (418, '2', 72, 'A');
INSERT INTO public.misto (idmisto, poradi, idstul, status) VALUES (419, '3', 72, 'A');
INSERT INTO public.misto (idmisto, poradi, idstul, status) VALUES (420, '4', 72, 'A');
INSERT INTO public.misto (idmisto, poradi, idstul, status) VALUES (421, '5', 72, 'A');
INSERT INTO public.misto (idmisto, poradi, idstul, status) VALUES (422, '6', 72, 'A');
INSERT INTO public.misto (idmisto, poradi, idstul, status) VALUES (423, '1', 73, 'A');
INSERT INTO public.misto (idmisto, poradi, idstul, status) VALUES (424, '2', 73, 'A');
INSERT INTO public.misto (idmisto, poradi, idstul, status) VALUES (425, '3', 73, 'A');
INSERT INTO public.misto (idmisto, poradi, idstul, status) VALUES (426, '4', 73, 'A');
INSERT INTO public.misto (idmisto, poradi, idstul, status) VALUES (427, '5', 73, 'A');
INSERT INTO public.misto (idmisto, poradi, idstul, status) VALUES (428, '6', 73, 'A');
INSERT INTO public.misto (idmisto, poradi, idstul, status) VALUES (429, '1', 74, 'A');
INSERT INTO public.misto (idmisto, poradi, idstul, status) VALUES (430, '2', 74, 'A');
INSERT INTO public.misto (idmisto, poradi, idstul, status) VALUES (431, '3', 74, 'A');
INSERT INTO public.misto (idmisto, poradi, idstul, status) VALUES (432, '4', 74, 'A');
INSERT INTO public.misto (idmisto, poradi, idstul, status) VALUES (433, '5', 74, 'A');
INSERT INTO public.misto (idmisto, poradi, idstul, status) VALUES (434, '6', 74, 'A');
INSERT INTO public.misto (idmisto, poradi, idstul, status) VALUES (435, '1', 75, 'A');
INSERT INTO public.misto (idmisto, poradi, idstul, status) VALUES (436, '2', 75, 'A');
INSERT INTO public.misto (idmisto, poradi, idstul, status) VALUES (437, '3', 75, 'A');
INSERT INTO public.misto (idmisto, poradi, idstul, status) VALUES (438, '4', 75, 'A');
INSERT INTO public.misto (idmisto, poradi, idstul, status) VALUES (439, '5', 75, 'A');
INSERT INTO public.misto (idmisto, poradi, idstul, status) VALUES (440, '6', 75, 'A');
INSERT INTO public.misto (idmisto, poradi, idstul, status) VALUES (441, '1', 76, 'A');
INSERT INTO public.misto (idmisto, poradi, idstul, status) VALUES (442, '2', 76, 'A');
INSERT INTO public.misto (idmisto, poradi, idstul, status) VALUES (443, '3', 76, 'A');
INSERT INTO public.misto (idmisto, poradi, idstul, status) VALUES (444, '4', 76, 'A');
INSERT INTO public.misto (idmisto, poradi, idstul, status) VALUES (445, '5', 76, 'A');
INSERT INTO public.misto (idmisto, poradi, idstul, status) VALUES (446, '6', 76, 'A');
INSERT INTO public.misto (idmisto, poradi, idstul, status) VALUES (447, '1', 77, 'A');
INSERT INTO public.misto (idmisto, poradi, idstul, status) VALUES (448, '2', 77, 'A');
INSERT INTO public.misto (idmisto, poradi, idstul, status) VALUES (449, '3', 77, 'A');
INSERT INTO public.misto (idmisto, poradi, idstul, status) VALUES (450, '4', 77, 'A');
INSERT INTO public.misto (idmisto, poradi, idstul, status) VALUES (451, '5', 77, 'A');
INSERT INTO public.misto (idmisto, poradi, idstul, status) VALUES (452, '6', 77, 'A');
INSERT INTO public.misto (idmisto, poradi, idstul, status) VALUES (453, '1', 78, 'A');
INSERT INTO public.misto (idmisto, poradi, idstul, status) VALUES (454, '2', 78, 'A');
INSERT INTO public.misto (idmisto, poradi, idstul, status) VALUES (455, '3', 78, 'A');
INSERT INTO public.misto (idmisto, poradi, idstul, status) VALUES (456, '4', 78, 'A');
INSERT INTO public.misto (idmisto, poradi, idstul, status) VALUES (457, '5', 78, 'A');
INSERT INTO public.misto (idmisto, poradi, idstul, status) VALUES (458, '6', 78, 'A');
INSERT INTO public.misto (idmisto, poradi, idstul, status) VALUES (459, '1', 79, 'A');
INSERT INTO public.misto (idmisto, poradi, idstul, status) VALUES (460, '2', 79, 'A');
INSERT INTO public.misto (idmisto, poradi, idstul, status) VALUES (461, '3', 79, 'A');
INSERT INTO public.misto (idmisto, poradi, idstul, status) VALUES (462, '4', 79, 'A');
INSERT INTO public.misto (idmisto, poradi, idstul, status) VALUES (463, '5', 79, 'A');
INSERT INTO public.misto (idmisto, poradi, idstul, status) VALUES (464, '6', 79, 'A');
INSERT INTO public.misto (idmisto, poradi, idstul, status) VALUES (465, '1', 80, 'A');
INSERT INTO public.misto (idmisto, poradi, idstul, status) VALUES (466, '2', 80, 'A');
INSERT INTO public.misto (idmisto, poradi, idstul, status) VALUES (467, '3', 80, 'A');
INSERT INTO public.misto (idmisto, poradi, idstul, status) VALUES (468, '4', 80, 'A');
INSERT INTO public.misto (idmisto, poradi, idstul, status) VALUES (469, '5', 80, 'A');
INSERT INTO public.misto (idmisto, poradi, idstul, status) VALUES (470, '6', 80, 'A');
INSERT INTO public.misto (idmisto, poradi, idstul, status) VALUES (471, '1', 81, 'A');
INSERT INTO public.misto (idmisto, poradi, idstul, status) VALUES (472, '2', 81, 'A');
INSERT INTO public.misto (idmisto, poradi, idstul, status) VALUES (473, '3', 81, 'A');
INSERT INTO public.misto (idmisto, poradi, idstul, status) VALUES (474, '4', 81, 'A');
INSERT INTO public.misto (idmisto, poradi, idstul, status) VALUES (475, '5', 81, 'A');
INSERT INTO public.misto (idmisto, poradi, idstul, status) VALUES (476, '6', 81, 'A');
INSERT INTO public.misto (idmisto, poradi, idstul, status) VALUES (477, '1', 82, 'A');
INSERT INTO public.misto (idmisto, poradi, idstul, status) VALUES (478, '2', 82, 'A');
INSERT INTO public.misto (idmisto, poradi, idstul, status) VALUES (479, '3', 82, 'A');
INSERT INTO public.misto (idmisto, poradi, idstul, status) VALUES (480, '4', 82, 'A');
INSERT INTO public.misto (idmisto, poradi, idstul, status) VALUES (481, '5', 82, 'A');
INSERT INTO public.misto (idmisto, poradi, idstul, status) VALUES (482, '6', 82, 'A');
INSERT INTO public.misto (idmisto, poradi, idstul, status) VALUES (483, '1', 83, 'A');
INSERT INTO public.misto (idmisto, poradi, idstul, status) VALUES (484, '2', 83, 'A');
INSERT INTO public.misto (idmisto, poradi, idstul, status) VALUES (485, '3', 83, 'A');
INSERT INTO public.misto (idmisto, poradi, idstul, status) VALUES (486, '4', 83, 'A');
INSERT INTO public.misto (idmisto, poradi, idstul, status) VALUES (487, '5', 83, 'A');
INSERT INTO public.misto (idmisto, poradi, idstul, status) VALUES (488, '6', 83, 'A');
INSERT INTO public.misto (idmisto, poradi, idstul, status) VALUES (489, '1', 84, 'A');
INSERT INTO public.misto (idmisto, poradi, idstul, status) VALUES (490, '2', 84, 'A');
INSERT INTO public.misto (idmisto, poradi, idstul, status) VALUES (491, '3', 84, 'A');
INSERT INTO public.misto (idmisto, poradi, idstul, status) VALUES (492, '4', 84, 'A');
INSERT INTO public.misto (idmisto, poradi, idstul, status) VALUES (493, '5', 84, 'A');
INSERT INTO public.misto (idmisto, poradi, idstul, status) VALUES (494, '6', 84, 'A');
INSERT INTO public.misto (idmisto, poradi, idstul, status) VALUES (495, '1', 85, 'A');
INSERT INTO public.misto (idmisto, poradi, idstul, status) VALUES (496, '2', 85, 'A');
INSERT INTO public.misto (idmisto, poradi, idstul, status) VALUES (497, '3', 85, 'A');
INSERT INTO public.misto (idmisto, poradi, idstul, status) VALUES (498, '4', 85, 'A');
INSERT INTO public.misto (idmisto, poradi, idstul, status) VALUES (499, '5', 85, 'A');
INSERT INTO public.misto (idmisto, poradi, idstul, status) VALUES (500, '6', 85, 'A');
INSERT INTO public.misto (idmisto, poradi, idstul, status) VALUES (501, '1', 86, 'A');
INSERT INTO public.misto (idmisto, poradi, idstul, status) VALUES (502, '2', 86, 'A');
INSERT INTO public.misto (idmisto, poradi, idstul, status) VALUES (503, '3', 86, 'A');
INSERT INTO public.misto (idmisto, poradi, idstul, status) VALUES (504, '4', 86, 'A');
INSERT INTO public.misto (idmisto, poradi, idstul, status) VALUES (505, '5', 86, 'A');
INSERT INTO public.misto (idmisto, poradi, idstul, status) VALUES (506, '6', 86, 'A');
INSERT INTO public.misto (idmisto, poradi, idstul, status) VALUES (507, '1', 87, 'A');
INSERT INTO public.misto (idmisto, poradi, idstul, status) VALUES (508, '2', 87, 'A');
INSERT INTO public.misto (idmisto, poradi, idstul, status) VALUES (509, '3', 87, 'A');
INSERT INTO public.misto (idmisto, poradi, idstul, status) VALUES (510, '4', 87, 'A');
INSERT INTO public.misto (idmisto, poradi, idstul, status) VALUES (511, '5', 87, 'A');
INSERT INTO public.misto (idmisto, poradi, idstul, status) VALUES (512, '6', 87, 'A');
INSERT INTO public.misto (idmisto, poradi, idstul, status) VALUES (513, '1', 88, 'A');
INSERT INTO public.misto (idmisto, poradi, idstul, status) VALUES (514, '2', 88, 'A');
INSERT INTO public.misto (idmisto, poradi, idstul, status) VALUES (515, '3', 88, 'A');
INSERT INTO public.misto (idmisto, poradi, idstul, status) VALUES (516, '4', 88, 'A');
INSERT INTO public.misto (idmisto, poradi, idstul, status) VALUES (517, '5', 88, 'A');
INSERT INTO public.misto (idmisto, poradi, idstul, status) VALUES (518, '6', 88, 'A');
INSERT INTO public.misto (idmisto, poradi, idstul, status) VALUES (519, '1', 89, 'A');
INSERT INTO public.misto (idmisto, poradi, idstul, status) VALUES (520, '2', 89, 'A');
INSERT INTO public.misto (idmisto, poradi, idstul, status) VALUES (521, '3', 89, 'A');
INSERT INTO public.misto (idmisto, poradi, idstul, status) VALUES (522, '4', 89, 'A');
INSERT INTO public.misto (idmisto, poradi, idstul, status) VALUES (523, '5', 89, 'A');
INSERT INTO public.misto (idmisto, poradi, idstul, status) VALUES (524, '6', 89, 'A');
INSERT INTO public.misto (idmisto, poradi, idstul, status) VALUES (525, '1', 90, 'A');
INSERT INTO public.misto (idmisto, poradi, idstul, status) VALUES (526, '2', 90, 'A');
INSERT INTO public.misto (idmisto, poradi, idstul, status) VALUES (527, '3', 90, 'A');
INSERT INTO public.misto (idmisto, poradi, idstul, status) VALUES (528, '4', 90, 'A');
INSERT INTO public.misto (idmisto, poradi, idstul, status) VALUES (529, '5', 90, 'A');
INSERT INTO public.misto (idmisto, poradi, idstul, status) VALUES (530, '6', 90, 'A');
INSERT INTO public.misto (idmisto, poradi, idstul, status) VALUES (531, '1', 91, 'A');
INSERT INTO public.misto (idmisto, poradi, idstul, status) VALUES (532, '2', 91, 'A');
INSERT INTO public.misto (idmisto, poradi, idstul, status) VALUES (533, '3', 91, 'A');
INSERT INTO public.misto (idmisto, poradi, idstul, status) VALUES (534, '4', 91, 'A');
INSERT INTO public.misto (idmisto, poradi, idstul, status) VALUES (535, '5', 91, 'A');
INSERT INTO public.misto (idmisto, poradi, idstul, status) VALUES (536, '6', 91, 'A');
INSERT INTO public.misto (idmisto, poradi, idstul, status) VALUES (537, '1', 92, 'A');
INSERT INTO public.misto (idmisto, poradi, idstul, status) VALUES (538, '2', 92, 'A');
INSERT INTO public.misto (idmisto, poradi, idstul, status) VALUES (539, '3', 92, 'A');
INSERT INTO public.misto (idmisto, poradi, idstul, status) VALUES (540, '4', 92, 'A');
INSERT INTO public.misto (idmisto, poradi, idstul, status) VALUES (541, '5', 92, 'A');
INSERT INTO public.misto (idmisto, poradi, idstul, status) VALUES (542, '6', 92, 'A');
INSERT INTO public.misto (idmisto, poradi, idstul, status) VALUES (543, '1', 93, 'A');
INSERT INTO public.misto (idmisto, poradi, idstul, status) VALUES (544, '2', 93, 'A');
INSERT INTO public.misto (idmisto, poradi, idstul, status) VALUES (545, '3', 93, 'A');
INSERT INTO public.misto (idmisto, poradi, idstul, status) VALUES (546, '4', 93, 'A');
INSERT INTO public.misto (idmisto, poradi, idstul, status) VALUES (547, '5', 93, 'A');
INSERT INTO public.misto (idmisto, poradi, idstul, status) VALUES (548, '6', 93, 'A');
INSERT INTO public.misto (idmisto, poradi, idstul, status) VALUES (549, '1', 94, 'A');
INSERT INTO public.misto (idmisto, poradi, idstul, status) VALUES (550, '2', 94, 'A');
INSERT INTO public.misto (idmisto, poradi, idstul, status) VALUES (551, '3', 94, 'A');
INSERT INTO public.misto (idmisto, poradi, idstul, status) VALUES (552, '4', 94, 'A');
INSERT INTO public.misto (idmisto, poradi, idstul, status) VALUES (553, '5', 94, 'A');
INSERT INTO public.misto (idmisto, poradi, idstul, status) VALUES (554, '6', 94, 'A');
INSERT INTO public.misto (idmisto, poradi, idstul, status) VALUES (555, '1', 95, 'A');
INSERT INTO public.misto (idmisto, poradi, idstul, status) VALUES (556, '2', 95, 'A');
INSERT INTO public.misto (idmisto, poradi, idstul, status) VALUES (557, '3', 95, 'A');
INSERT INTO public.misto (idmisto, poradi, idstul, status) VALUES (558, '4', 95, 'A');
INSERT INTO public.misto (idmisto, poradi, idstul, status) VALUES (559, '5', 95, 'A');
INSERT INTO public.misto (idmisto, poradi, idstul, status) VALUES (560, '6', 95, 'A');
INSERT INTO public.misto (idmisto, poradi, idstul, status) VALUES (561, '1', 96, 'A');
INSERT INTO public.misto (idmisto, poradi, idstul, status) VALUES (562, '2', 96, 'A');
INSERT INTO public.misto (idmisto, poradi, idstul, status) VALUES (563, '3', 96, 'A');
INSERT INTO public.misto (idmisto, poradi, idstul, status) VALUES (564, '4', 96, 'A');
INSERT INTO public.misto (idmisto, poradi, idstul, status) VALUES (565, '5', 96, 'A');
INSERT INTO public.misto (idmisto, poradi, idstul, status) VALUES (566, '6', 96, 'A');
INSERT INTO public.misto (idmisto, poradi, idstul, status) VALUES (567, '1', 97, 'A');
INSERT INTO public.misto (idmisto, poradi, idstul, status) VALUES (568, '2', 97, 'A');
INSERT INTO public.misto (idmisto, poradi, idstul, status) VALUES (569, '3', 97, 'A');
INSERT INTO public.misto (idmisto, poradi, idstul, status) VALUES (570, '4', 97, 'A');
INSERT INTO public.misto (idmisto, poradi, idstul, status) VALUES (571, '5', 97, 'A');
INSERT INTO public.misto (idmisto, poradi, idstul, status) VALUES (572, '6', 97, 'A');
INSERT INTO public.misto (idmisto, poradi, idstul, status) VALUES (573, '1', 98, 'A');
INSERT INTO public.misto (idmisto, poradi, idstul, status) VALUES (574, '2', 98, 'A');
INSERT INTO public.misto (idmisto, poradi, idstul, status) VALUES (575, '3', 98, 'A');
INSERT INTO public.misto (idmisto, poradi, idstul, status) VALUES (576, '4', 98, 'A');
INSERT INTO public.misto (idmisto, poradi, idstul, status) VALUES (577, '5', 98, 'A');
INSERT INTO public.misto (idmisto, poradi, idstul, status) VALUES (578, '6', 98, 'A');
INSERT INTO public.misto (idmisto, poradi, idstul, status) VALUES (579, '1', 99, 'A');
INSERT INTO public.misto (idmisto, poradi, idstul, status) VALUES (580, '2', 99, 'A');
INSERT INTO public.misto (idmisto, poradi, idstul, status) VALUES (581, '3', 99, 'A');
INSERT INTO public.misto (idmisto, poradi, idstul, status) VALUES (582, '4', 99, 'A');
INSERT INTO public.misto (idmisto, poradi, idstul, status) VALUES (583, '5', 99, 'A');
INSERT INTO public.misto (idmisto, poradi, idstul, status) VALUES (584, '6', 99, 'A');
INSERT INTO public.misto (idmisto, poradi, idstul, status) VALUES (585, '1', 100, 'A');
INSERT INTO public.misto (idmisto, poradi, idstul, status) VALUES (586, '2', 100, 'A');
INSERT INTO public.misto (idmisto, poradi, idstul, status) VALUES (587, '3', 100, 'A');
INSERT INTO public.misto (idmisto, poradi, idstul, status) VALUES (588, '4', 100, 'A');
INSERT INTO public.misto (idmisto, poradi, idstul, status) VALUES (589, '5', 100, 'A');
INSERT INTO public.misto (idmisto, poradi, idstul, status) VALUES (590, '6', 100, 'A');
INSERT INTO public.misto (idmisto, poradi, idstul, status) VALUES (591, '1', 101, 'A');
INSERT INTO public.misto (idmisto, poradi, idstul, status) VALUES (592, '2', 101, 'A');
INSERT INTO public.misto (idmisto, poradi, idstul, status) VALUES (593, '3', 101, 'A');
INSERT INTO public.misto (idmisto, poradi, idstul, status) VALUES (594, '4', 101, 'A');
INSERT INTO public.misto (idmisto, poradi, idstul, status) VALUES (595, '5', 101, 'A');
INSERT INTO public.misto (idmisto, poradi, idstul, status) VALUES (596, '6', 101, 'A');
INSERT INTO public.misto (idmisto, poradi, idstul, status) VALUES (597, '1', 102, 'A');
INSERT INTO public.misto (idmisto, poradi, idstul, status) VALUES (598, '2', 102, 'A');
INSERT INTO public.misto (idmisto, poradi, idstul, status) VALUES (599, '3', 102, 'A');
INSERT INTO public.misto (idmisto, poradi, idstul, status) VALUES (600, '4', 102, 'A');
INSERT INTO public.misto (idmisto, poradi, idstul, status) VALUES (601, '5', 102, 'A');
INSERT INTO public.misto (idmisto, poradi, idstul, status) VALUES (602, '6', 102, 'A');
INSERT INTO public.misto (idmisto, poradi, idstul, status) VALUES (603, '1', 103, 'A');
INSERT INTO public.misto (idmisto, poradi, idstul, status) VALUES (604, '2', 103, 'A');
INSERT INTO public.misto (idmisto, poradi, idstul, status) VALUES (605, '3', 103, 'A');
INSERT INTO public.misto (idmisto, poradi, idstul, status) VALUES (606, '4', 103, 'A');
INSERT INTO public.misto (idmisto, poradi, idstul, status) VALUES (607, '5', 103, 'A');
INSERT INTO public.misto (idmisto, poradi, idstul, status) VALUES (608, '6', 103, 'A');
INSERT INTO public.misto (idmisto, poradi, idstul, status) VALUES (609, '1', 104, 'A');
INSERT INTO public.misto (idmisto, poradi, idstul, status) VALUES (610, '2', 104, 'A');
INSERT INTO public.misto (idmisto, poradi, idstul, status) VALUES (611, '3', 104, 'A');
INSERT INTO public.misto (idmisto, poradi, idstul, status) VALUES (612, '4', 104, 'A');
INSERT INTO public.misto (idmisto, poradi, idstul, status) VALUES (613, '5', 104, 'A');
INSERT INTO public.misto (idmisto, poradi, idstul, status) VALUES (614, '6', 104, 'A');
INSERT INTO public.misto (idmisto, poradi, idstul, status) VALUES (615, '1', 105, 'A');
INSERT INTO public.misto (idmisto, poradi, idstul, status) VALUES (616, '2', 105, 'A');
INSERT INTO public.misto (idmisto, poradi, idstul, status) VALUES (617, '3', 105, 'A');
INSERT INTO public.misto (idmisto, poradi, idstul, status) VALUES (618, '4', 105, 'A');
INSERT INTO public.misto (idmisto, poradi, idstul, status) VALUES (619, '5', 105, 'A');
INSERT INTO public.misto (idmisto, poradi, idstul, status) VALUES (620, '6', 105, 'A');
INSERT INTO public.misto (idmisto, poradi, idstul, status) VALUES (621, '1', 106, 'A');
INSERT INTO public.misto (idmisto, poradi, idstul, status) VALUES (622, '2', 106, 'A');
INSERT INTO public.misto (idmisto, poradi, idstul, status) VALUES (623, '3', 106, 'A');
INSERT INTO public.misto (idmisto, poradi, idstul, status) VALUES (624, '4', 106, 'A');
INSERT INTO public.misto (idmisto, poradi, idstul, status) VALUES (625, '5', 106, 'A');
INSERT INTO public.misto (idmisto, poradi, idstul, status) VALUES (626, '6', 106, 'A');
INSERT INTO public.misto (idmisto, poradi, idstul, status) VALUES (627, '1', 107, 'A');
INSERT INTO public.misto (idmisto, poradi, idstul, status) VALUES (628, '2', 107, 'A');
INSERT INTO public.misto (idmisto, poradi, idstul, status) VALUES (629, '3', 107, 'A');
INSERT INTO public.misto (idmisto, poradi, idstul, status) VALUES (630, '4', 107, 'A');
INSERT INTO public.misto (idmisto, poradi, idstul, status) VALUES (631, '5', 107, 'A');
INSERT INTO public.misto (idmisto, poradi, idstul, status) VALUES (632, '6', 107, 'A');
INSERT INTO public.misto (idmisto, poradi, idstul, status) VALUES (633, '1', 108, 'A');
INSERT INTO public.misto (idmisto, poradi, idstul, status) VALUES (634, '2', 108, 'A');
INSERT INTO public.misto (idmisto, poradi, idstul, status) VALUES (635, '3', 108, 'A');
INSERT INTO public.misto (idmisto, poradi, idstul, status) VALUES (636, '4', 108, 'A');
INSERT INTO public.misto (idmisto, poradi, idstul, status) VALUES (637, '5', 108, 'A');
INSERT INTO public.misto (idmisto, poradi, idstul, status) VALUES (638, '6', 108, 'A');
INSERT INTO public.misto (idmisto, poradi, idstul, status) VALUES (639, '1', 109, 'A');
INSERT INTO public.misto (idmisto, poradi, idstul, status) VALUES (640, '2', 109, 'A');
INSERT INTO public.misto (idmisto, poradi, idstul, status) VALUES (641, '3', 109, 'A');
INSERT INTO public.misto (idmisto, poradi, idstul, status) VALUES (642, '4', 109, 'A');
INSERT INTO public.misto (idmisto, poradi, idstul, status) VALUES (643, '5', 109, 'A');
INSERT INTO public.misto (idmisto, poradi, idstul, status) VALUES (644, '6', 109, 'A');
INSERT INTO public.misto (idmisto, poradi, idstul, status) VALUES (645, '1', 110, 'A');
INSERT INTO public.misto (idmisto, poradi, idstul, status) VALUES (646, '2', 110, 'A');
INSERT INTO public.misto (idmisto, poradi, idstul, status) VALUES (647, '3', 110, 'A');
INSERT INTO public.misto (idmisto, poradi, idstul, status) VALUES (648, '4', 110, 'A');
INSERT INTO public.misto (idmisto, poradi, idstul, status) VALUES (649, '5', 110, 'A');
INSERT INTO public.misto (idmisto, poradi, idstul, status) VALUES (650, '6', 110, 'A');
INSERT INTO public.misto (idmisto, poradi, idstul, status) VALUES (651, '1', 111, 'A');
INSERT INTO public.misto (idmisto, poradi, idstul, status) VALUES (652, '2', 111, 'A');
INSERT INTO public.misto (idmisto, poradi, idstul, status) VALUES (653, '3', 111, 'A');
INSERT INTO public.misto (idmisto, poradi, idstul, status) VALUES (654, '4', 111, 'A');
INSERT INTO public.misto (idmisto, poradi, idstul, status) VALUES (655, '5', 111, 'A');
INSERT INTO public.misto (idmisto, poradi, idstul, status) VALUES (656, '6', 111, 'A');
INSERT INTO public.misto (idmisto, poradi, idstul, status) VALUES (657, '1', 112, 'A');
INSERT INTO public.misto (idmisto, poradi, idstul, status) VALUES (658, '2', 112, 'A');
INSERT INTO public.misto (idmisto, poradi, idstul, status) VALUES (659, '3', 112, 'A');
INSERT INTO public.misto (idmisto, poradi, idstul, status) VALUES (660, '4', 112, 'A');
INSERT INTO public.misto (idmisto, poradi, idstul, status) VALUES (661, '5', 112, 'A');
INSERT INTO public.misto (idmisto, poradi, idstul, status) VALUES (662, '6', 112, 'A');
INSERT INTO public.misto (idmisto, poradi, idstul, status) VALUES (663, '1', 113, 'A');
INSERT INTO public.misto (idmisto, poradi, idstul, status) VALUES (664, '2', 113, 'A');
INSERT INTO public.misto (idmisto, poradi, idstul, status) VALUES (665, '3', 113, 'A');
INSERT INTO public.misto (idmisto, poradi, idstul, status) VALUES (666, '4', 113, 'A');
INSERT INTO public.misto (idmisto, poradi, idstul, status) VALUES (667, '5', 113, 'A');
INSERT INTO public.misto (idmisto, poradi, idstul, status) VALUES (668, '6', 113, 'A');
INSERT INTO public.misto (idmisto, poradi, idstul, status) VALUES (669, '1', 114, 'A');
INSERT INTO public.misto (idmisto, poradi, idstul, status) VALUES (670, '2', 114, 'A');
INSERT INTO public.misto (idmisto, poradi, idstul, status) VALUES (671, '3', 114, 'A');
INSERT INTO public.misto (idmisto, poradi, idstul, status) VALUES (672, '4', 114, 'A');
INSERT INTO public.misto (idmisto, poradi, idstul, status) VALUES (673, '5', 114, 'A');
INSERT INTO public.misto (idmisto, poradi, idstul, status) VALUES (674, '6', 114, 'A');
INSERT INTO public.misto (idmisto, poradi, idstul, status) VALUES (675, '1', 115, 'A');
INSERT INTO public.misto (idmisto, poradi, idstul, status) VALUES (676, '2', 115, 'A');
INSERT INTO public.misto (idmisto, poradi, idstul, status) VALUES (677, '3', 115, 'A');
INSERT INTO public.misto (idmisto, poradi, idstul, status) VALUES (678, '4', 115, 'A');
INSERT INTO public.misto (idmisto, poradi, idstul, status) VALUES (679, '5', 115, 'A');
INSERT INTO public.misto (idmisto, poradi, idstul, status) VALUES (680, '6', 115, 'A');
INSERT INTO public.misto (idmisto, poradi, idstul, status) VALUES (681, '1', 116, 'A');
INSERT INTO public.misto (idmisto, poradi, idstul, status) VALUES (682, '2', 116, 'A');
INSERT INTO public.misto (idmisto, poradi, idstul, status) VALUES (683, '3', 116, 'A');
INSERT INTO public.misto (idmisto, poradi, idstul, status) VALUES (684, '4', 116, 'A');
INSERT INTO public.misto (idmisto, poradi, idstul, status) VALUES (685, '5', 116, 'A');
INSERT INTO public.misto (idmisto, poradi, idstul, status) VALUES (686, '6', 116, 'A');
INSERT INTO public.misto (idmisto, poradi, idstul, status) VALUES (687, '1', 117, 'A');
INSERT INTO public.misto (idmisto, poradi, idstul, status) VALUES (688, '2', 117, 'A');
INSERT INTO public.misto (idmisto, poradi, idstul, status) VALUES (689, '3', 117, 'A');
INSERT INTO public.misto (idmisto, poradi, idstul, status) VALUES (690, '4', 117, 'A');
INSERT INTO public.misto (idmisto, poradi, idstul, status) VALUES (691, '5', 117, 'A');
INSERT INTO public.misto (idmisto, poradi, idstul, status) VALUES (692, '6', 117, 'A');
INSERT INTO public.misto (idmisto, poradi, idstul, status) VALUES (693, '1', 118, 'A');
INSERT INTO public.misto (idmisto, poradi, idstul, status) VALUES (694, '2', 118, 'A');
INSERT INTO public.misto (idmisto, poradi, idstul, status) VALUES (695, '3', 118, 'A');
INSERT INTO public.misto (idmisto, poradi, idstul, status) VALUES (696, '4', 118, 'A');
INSERT INTO public.misto (idmisto, poradi, idstul, status) VALUES (697, '5', 118, 'A');
INSERT INTO public.misto (idmisto, poradi, idstul, status) VALUES (698, '6', 118, 'A');
INSERT INTO public.misto (idmisto, poradi, idstul, status) VALUES (699, '1', 119, 'A');
INSERT INTO public.misto (idmisto, poradi, idstul, status) VALUES (700, '2', 119, 'A');
INSERT INTO public.misto (idmisto, poradi, idstul, status) VALUES (701, '3', 119, 'A');
INSERT INTO public.misto (idmisto, poradi, idstul, status) VALUES (702, '4', 119, 'A');
INSERT INTO public.misto (idmisto, poradi, idstul, status) VALUES (703, '5', 119, 'A');
INSERT INTO public.misto (idmisto, poradi, idstul, status) VALUES (704, '6', 119, 'A');
INSERT INTO public.misto (idmisto, poradi, idstul, status) VALUES (705, '1', 120, 'A');
INSERT INTO public.misto (idmisto, poradi, idstul, status) VALUES (706, '2', 120, 'A');
INSERT INTO public.misto (idmisto, poradi, idstul, status) VALUES (707, '3', 120, 'A');
INSERT INTO public.misto (idmisto, poradi, idstul, status) VALUES (708, '4', 120, 'A');
INSERT INTO public.misto (idmisto, poradi, idstul, status) VALUES (709, '5', 120, 'A');
INSERT INTO public.misto (idmisto, poradi, idstul, status) VALUES (710, '6', 120, 'A');
INSERT INTO public.misto (idmisto, poradi, idstul, status) VALUES (711, '1', 121, 'A');
INSERT INTO public.misto (idmisto, poradi, idstul, status) VALUES (712, '2', 121, 'A');
INSERT INTO public.misto (idmisto, poradi, idstul, status) VALUES (713, '3', 121, 'A');
INSERT INTO public.misto (idmisto, poradi, idstul, status) VALUES (714, '4', 121, 'A');
INSERT INTO public.misto (idmisto, poradi, idstul, status) VALUES (715, '5', 121, 'A');
INSERT INTO public.misto (idmisto, poradi, idstul, status) VALUES (716, '6', 121, 'A');
INSERT INTO public.misto (idmisto, poradi, idstul, status) VALUES (717, '1', 122, 'A');
INSERT INTO public.misto (idmisto, poradi, idstul, status) VALUES (718, '2', 122, 'A');
INSERT INTO public.misto (idmisto, poradi, idstul, status) VALUES (719, '3', 122, 'A');
INSERT INTO public.misto (idmisto, poradi, idstul, status) VALUES (720, '4', 122, 'A');
INSERT INTO public.misto (idmisto, poradi, idstul, status) VALUES (721, '5', 122, 'A');
INSERT INTO public.misto (idmisto, poradi, idstul, status) VALUES (722, '6', 122, 'A');
INSERT INTO public.misto (idmisto, poradi, idstul, status) VALUES (723, '1', 123, 'A');
INSERT INTO public.misto (idmisto, poradi, idstul, status) VALUES (724, '2', 123, 'A');
INSERT INTO public.misto (idmisto, poradi, idstul, status) VALUES (725, '3', 123, 'A');
INSERT INTO public.misto (idmisto, poradi, idstul, status) VALUES (726, '4', 123, 'A');
INSERT INTO public.misto (idmisto, poradi, idstul, status) VALUES (727, '5', 123, 'A');
INSERT INTO public.misto (idmisto, poradi, idstul, status) VALUES (728, '6', 123, 'A');
INSERT INTO public.misto (idmisto, poradi, idstul, status) VALUES (729, '1', 124, 'A');
INSERT INTO public.misto (idmisto, poradi, idstul, status) VALUES (730, '2', 124, 'A');
INSERT INTO public.misto (idmisto, poradi, idstul, status) VALUES (731, '3', 124, 'A');
INSERT INTO public.misto (idmisto, poradi, idstul, status) VALUES (732, '4', 124, 'A');
INSERT INTO public.misto (idmisto, poradi, idstul, status) VALUES (733, '5', 124, 'A');
INSERT INTO public.misto (idmisto, poradi, idstul, status) VALUES (734, '6', 124, 'A');
INSERT INTO public.misto (idmisto, poradi, idstul, status) VALUES (735, '1', 125, 'A');
INSERT INTO public.misto (idmisto, poradi, idstul, status) VALUES (736, '2', 125, 'A');
INSERT INTO public.misto (idmisto, poradi, idstul, status) VALUES (737, '3', 125, 'A');
INSERT INTO public.misto (idmisto, poradi, idstul, status) VALUES (738, '4', 125, 'A');
INSERT INTO public.misto (idmisto, poradi, idstul, status) VALUES (739, '5', 125, 'A');
INSERT INTO public.misto (idmisto, poradi, idstul, status) VALUES (740, '6', 125, 'A');
INSERT INTO public.misto (idmisto, poradi, idstul, status) VALUES (741, '1', 126, 'A');
INSERT INTO public.misto (idmisto, poradi, idstul, status) VALUES (742, '2', 126, 'A');
INSERT INTO public.misto (idmisto, poradi, idstul, status) VALUES (743, '3', 126, 'A');
INSERT INTO public.misto (idmisto, poradi, idstul, status) VALUES (744, '4', 126, 'A');
INSERT INTO public.misto (idmisto, poradi, idstul, status) VALUES (745, '5', 126, 'A');
INSERT INTO public.misto (idmisto, poradi, idstul, status) VALUES (746, '6', 126, 'A');
INSERT INTO public.misto (idmisto, poradi, idstul, status) VALUES (747, '1', 127, 'A');
INSERT INTO public.misto (idmisto, poradi, idstul, status) VALUES (748, '2', 127, 'A');
INSERT INTO public.misto (idmisto, poradi, idstul, status) VALUES (749, '3', 127, 'A');
INSERT INTO public.misto (idmisto, poradi, idstul, status) VALUES (750, '4', 127, 'A');
INSERT INTO public.misto (idmisto, poradi, idstul, status) VALUES (751, '5', 127, 'A');
INSERT INTO public.misto (idmisto, poradi, idstul, status) VALUES (752, '6', 127, 'A');
INSERT INTO public.misto (idmisto, poradi, idstul, status) VALUES (753, '1', 128, 'A');
INSERT INTO public.misto (idmisto, poradi, idstul, status) VALUES (754, '2', 128, 'A');
INSERT INTO public.misto (idmisto, poradi, idstul, status) VALUES (755, '3', 128, 'A');
INSERT INTO public.misto (idmisto, poradi, idstul, status) VALUES (756, '4', 128, 'A');
INSERT INTO public.misto (idmisto, poradi, idstul, status) VALUES (757, '5', 128, 'A');
INSERT INTO public.misto (idmisto, poradi, idstul, status) VALUES (758, '6', 128, 'A');
INSERT INTO public.misto (idmisto, poradi, idstul, status) VALUES (759, '1', 129, 'A');
INSERT INTO public.misto (idmisto, poradi, idstul, status) VALUES (760, '2', 129, 'A');
INSERT INTO public.misto (idmisto, poradi, idstul, status) VALUES (761, '3', 129, 'A');
INSERT INTO public.misto (idmisto, poradi, idstul, status) VALUES (762, '4', 129, 'A');
INSERT INTO public.misto (idmisto, poradi, idstul, status) VALUES (763, '5', 129, 'A');
INSERT INTO public.misto (idmisto, poradi, idstul, status) VALUES (764, '6', 129, 'A');
INSERT INTO public.misto (idmisto, poradi, idstul, status) VALUES (765, '1', 130, 'A');
INSERT INTO public.misto (idmisto, poradi, idstul, status) VALUES (766, '2', 130, 'A');
INSERT INTO public.misto (idmisto, poradi, idstul, status) VALUES (767, '3', 130, 'A');
INSERT INTO public.misto (idmisto, poradi, idstul, status) VALUES (768, '4', 130, 'A');
INSERT INTO public.misto (idmisto, poradi, idstul, status) VALUES (769, '5', 130, 'A');
INSERT INTO public.misto (idmisto, poradi, idstul, status) VALUES (770, '6', 130, 'A');
INSERT INTO public.misto (idmisto, poradi, idstul, status) VALUES (771, '1', 131, 'A');
INSERT INTO public.misto (idmisto, poradi, idstul, status) VALUES (772, '2', 131, 'A');
INSERT INTO public.misto (idmisto, poradi, idstul, status) VALUES (773, '3', 131, 'A');
INSERT INTO public.misto (idmisto, poradi, idstul, status) VALUES (774, '4', 131, 'A');
INSERT INTO public.misto (idmisto, poradi, idstul, status) VALUES (775, '5', 131, 'A');
INSERT INTO public.misto (idmisto, poradi, idstul, status) VALUES (776, '6', 131, 'A');
INSERT INTO public.misto (idmisto, poradi, idstul, status) VALUES (777, '1', 132, 'A');
INSERT INTO public.misto (idmisto, poradi, idstul, status) VALUES (778, '2', 132, 'A');
INSERT INTO public.misto (idmisto, poradi, idstul, status) VALUES (779, '3', 132, 'A');
INSERT INTO public.misto (idmisto, poradi, idstul, status) VALUES (780, '4', 132, 'A');
INSERT INTO public.misto (idmisto, poradi, idstul, status) VALUES (781, '5', 132, 'A');
INSERT INTO public.misto (idmisto, poradi, idstul, status) VALUES (782, '6', 132, 'A');
INSERT INTO public.misto (idmisto, poradi, idstul, status) VALUES (783, '1', 133, 'A');
INSERT INTO public.misto (idmisto, poradi, idstul, status) VALUES (784, '2', 133, 'A');
INSERT INTO public.misto (idmisto, poradi, idstul, status) VALUES (785, '3', 133, 'A');
INSERT INTO public.misto (idmisto, poradi, idstul, status) VALUES (786, '4', 133, 'A');
INSERT INTO public.misto (idmisto, poradi, idstul, status) VALUES (787, '5', 133, 'A');
INSERT INTO public.misto (idmisto, poradi, idstul, status) VALUES (788, '6', 133, 'A');
INSERT INTO public.misto (idmisto, poradi, idstul, status) VALUES (789, '1', 134, 'A');
INSERT INTO public.misto (idmisto, poradi, idstul, status) VALUES (790, '2', 134, 'A');
INSERT INTO public.misto (idmisto, poradi, idstul, status) VALUES (791, '3', 134, 'A');
INSERT INTO public.misto (idmisto, poradi, idstul, status) VALUES (792, '4', 134, 'A');
INSERT INTO public.misto (idmisto, poradi, idstul, status) VALUES (793, '5', 134, 'A');
INSERT INTO public.misto (idmisto, poradi, idstul, status) VALUES (794, '6', 134, 'A');
INSERT INTO public.misto (idmisto, poradi, idstul, status) VALUES (795, '1', 135, 'A');
INSERT INTO public.misto (idmisto, poradi, idstul, status) VALUES (796, '2', 135, 'A');
INSERT INTO public.misto (idmisto, poradi, idstul, status) VALUES (797, '3', 135, 'A');
INSERT INTO public.misto (idmisto, poradi, idstul, status) VALUES (798, '4', 135, 'A');
INSERT INTO public.misto (idmisto, poradi, idstul, status) VALUES (799, '5', 135, 'A');
INSERT INTO public.misto (idmisto, poradi, idstul, status) VALUES (800, '6', 135, 'A');
INSERT INTO public.misto (idmisto, poradi, idstul, status) VALUES (801, '1', 136, 'A');
INSERT INTO public.misto (idmisto, poradi, idstul, status) VALUES (802, '2', 136, 'A');
INSERT INTO public.misto (idmisto, poradi, idstul, status) VALUES (803, '3', 136, 'A');
INSERT INTO public.misto (idmisto, poradi, idstul, status) VALUES (804, '4', 136, 'A');
INSERT INTO public.misto (idmisto, poradi, idstul, status) VALUES (805, '5', 136, 'A');
INSERT INTO public.misto (idmisto, poradi, idstul, status) VALUES (806, '6', 136, 'A');
INSERT INTO public.misto (idmisto, poradi, idstul, status) VALUES (807, '1', 137, 'A');
INSERT INTO public.misto (idmisto, poradi, idstul, status) VALUES (808, '2', 137, 'A');
INSERT INTO public.misto (idmisto, poradi, idstul, status) VALUES (809, '3', 137, 'A');
INSERT INTO public.misto (idmisto, poradi, idstul, status) VALUES (810, '4', 137, 'A');
INSERT INTO public.misto (idmisto, poradi, idstul, status) VALUES (811, '5', 137, 'A');
INSERT INTO public.misto (idmisto, poradi, idstul, status) VALUES (812, '6', 137, 'A');
INSERT INTO public.misto (idmisto, poradi, idstul, status) VALUES (813, '1', 138, 'A');
INSERT INTO public.misto (idmisto, poradi, idstul, status) VALUES (814, '2', 138, 'A');
INSERT INTO public.misto (idmisto, poradi, idstul, status) VALUES (815, '3', 138, 'A');
INSERT INTO public.misto (idmisto, poradi, idstul, status) VALUES (816, '4', 138, 'A');
INSERT INTO public.misto (idmisto, poradi, idstul, status) VALUES (817, '5', 138, 'A');
INSERT INTO public.misto (idmisto, poradi, idstul, status) VALUES (818, '6', 138, 'A');
INSERT INTO public.misto (idmisto, poradi, idstul, status) VALUES (819, '1', 139, 'A');
INSERT INTO public.misto (idmisto, poradi, idstul, status) VALUES (820, '2', 139, 'A');
INSERT INTO public.misto (idmisto, poradi, idstul, status) VALUES (821, '3', 139, 'A');
INSERT INTO public.misto (idmisto, poradi, idstul, status) VALUES (822, '4', 139, 'A');
INSERT INTO public.misto (idmisto, poradi, idstul, status) VALUES (823, '5', 139, 'A');
INSERT INTO public.misto (idmisto, poradi, idstul, status) VALUES (824, '6', 139, 'A');
INSERT INTO public.misto (idmisto, poradi, idstul, status) VALUES (825, '1', 140, 'A');
INSERT INTO public.misto (idmisto, poradi, idstul, status) VALUES (826, '2', 140, 'A');
INSERT INTO public.misto (idmisto, poradi, idstul, status) VALUES (827, '3', 140, 'A');
INSERT INTO public.misto (idmisto, poradi, idstul, status) VALUES (828, '4', 140, 'A');
INSERT INTO public.misto (idmisto, poradi, idstul, status) VALUES (829, '5', 140, 'A');
INSERT INTO public.misto (idmisto, poradi, idstul, status) VALUES (830, '6', 140, 'A');
INSERT INTO public.misto (idmisto, poradi, idstul, status) VALUES (831, '1', 141, 'A');
INSERT INTO public.misto (idmisto, poradi, idstul, status) VALUES (832, '2', 141, 'A');
INSERT INTO public.misto (idmisto, poradi, idstul, status) VALUES (833, '3', 141, 'A');
INSERT INTO public.misto (idmisto, poradi, idstul, status) VALUES (834, '4', 141, 'A');
INSERT INTO public.misto (idmisto, poradi, idstul, status) VALUES (835, '5', 141, 'A');
INSERT INTO public.misto (idmisto, poradi, idstul, status) VALUES (836, '6', 141, 'A');
INSERT INTO public.misto (idmisto, poradi, idstul, status) VALUES (837, '1', 142, 'A');
INSERT INTO public.misto (idmisto, poradi, idstul, status) VALUES (838, '2', 142, 'A');
INSERT INTO public.misto (idmisto, poradi, idstul, status) VALUES (839, '3', 142, 'A');
INSERT INTO public.misto (idmisto, poradi, idstul, status) VALUES (840, '4', 142, 'A');
INSERT INTO public.misto (idmisto, poradi, idstul, status) VALUES (841, '5', 142, 'A');
INSERT INTO public.misto (idmisto, poradi, idstul, status) VALUES (842, '6', 142, 'A');
INSERT INTO public.misto (idmisto, poradi, idstul, status) VALUES (843, '1', 143, 'A');
INSERT INTO public.misto (idmisto, poradi, idstul, status) VALUES (844, '2', 143, 'A');
INSERT INTO public.misto (idmisto, poradi, idstul, status) VALUES (845, '3', 143, 'A');
INSERT INTO public.misto (idmisto, poradi, idstul, status) VALUES (846, '4', 143, 'A');
INSERT INTO public.misto (idmisto, poradi, idstul, status) VALUES (847, '5', 143, 'A');
INSERT INTO public.misto (idmisto, poradi, idstul, status) VALUES (848, '6', 143, 'A');
INSERT INTO public.misto (idmisto, poradi, idstul, status) VALUES (849, '1', 144, 'A');
INSERT INTO public.misto (idmisto, poradi, idstul, status) VALUES (850, '2', 144, 'A');
INSERT INTO public.misto (idmisto, poradi, idstul, status) VALUES (851, '3', 144, 'A');
INSERT INTO public.misto (idmisto, poradi, idstul, status) VALUES (852, '4', 144, 'A');
INSERT INTO public.misto (idmisto, poradi, idstul, status) VALUES (853, '5', 144, 'A');
INSERT INTO public.misto (idmisto, poradi, idstul, status) VALUES (854, '6', 144, 'A');
INSERT INTO public.misto (idmisto, poradi, idstul, status) VALUES (855, '1', 145, 'A');
INSERT INTO public.misto (idmisto, poradi, idstul, status) VALUES (856, '2', 145, 'A');
INSERT INTO public.misto (idmisto, poradi, idstul, status) VALUES (857, '3', 145, 'A');
INSERT INTO public.misto (idmisto, poradi, idstul, status) VALUES (858, '4', 145, 'A');
INSERT INTO public.misto (idmisto, poradi, idstul, status) VALUES (859, '5', 145, 'A');
INSERT INTO public.misto (idmisto, poradi, idstul, status) VALUES (860, '6', 145, 'A');
INSERT INTO public.misto (idmisto, poradi, idstul, status) VALUES (861, '1', 146, 'A');
INSERT INTO public.misto (idmisto, poradi, idstul, status) VALUES (862, '2', 146, 'A');
INSERT INTO public.misto (idmisto, poradi, idstul, status) VALUES (863, '3', 146, 'A');
INSERT INTO public.misto (idmisto, poradi, idstul, status) VALUES (864, '4', 146, 'A');
INSERT INTO public.misto (idmisto, poradi, idstul, status) VALUES (865, '5', 146, 'A');
INSERT INTO public.misto (idmisto, poradi, idstul, status) VALUES (866, '6', 146, 'A');
INSERT INTO public.misto (idmisto, poradi, idstul, status) VALUES (867, '1', 147, 'A');
INSERT INTO public.misto (idmisto, poradi, idstul, status) VALUES (868, '2', 147, 'A');
INSERT INTO public.misto (idmisto, poradi, idstul, status) VALUES (869, '3', 147, 'A');
INSERT INTO public.misto (idmisto, poradi, idstul, status) VALUES (870, '4', 147, 'A');
INSERT INTO public.misto (idmisto, poradi, idstul, status) VALUES (871, '5', 147, 'A');
INSERT INTO public.misto (idmisto, poradi, idstul, status) VALUES (872, '6', 147, 'A');
INSERT INTO public.misto (idmisto, poradi, idstul, status) VALUES (873, '1', 148, 'A');
INSERT INTO public.misto (idmisto, poradi, idstul, status) VALUES (874, '2', 148, 'A');
INSERT INTO public.misto (idmisto, poradi, idstul, status) VALUES (875, '3', 148, 'A');
INSERT INTO public.misto (idmisto, poradi, idstul, status) VALUES (876, '4', 148, 'A');
INSERT INTO public.misto (idmisto, poradi, idstul, status) VALUES (877, '5', 148, 'A');
INSERT INTO public.misto (idmisto, poradi, idstul, status) VALUES (878, '6', 148, 'A');
INSERT INTO public.misto (idmisto, poradi, idstul, status) VALUES (879, '1', 149, 'A');
INSERT INTO public.misto (idmisto, poradi, idstul, status) VALUES (880, '2', 149, 'A');
INSERT INTO public.misto (idmisto, poradi, idstul, status) VALUES (881, '3', 149, 'A');
INSERT INTO public.misto (idmisto, poradi, idstul, status) VALUES (882, '4', 149, 'A');
INSERT INTO public.misto (idmisto, poradi, idstul, status) VALUES (883, '5', 149, 'A');
INSERT INTO public.misto (idmisto, poradi, idstul, status) VALUES (884, '6', 149, 'A');
INSERT INTO public.misto (idmisto, poradi, idstul, status) VALUES (885, '1', 150, 'A');
INSERT INTO public.misto (idmisto, poradi, idstul, status) VALUES (886, '2', 150, 'A');
INSERT INTO public.misto (idmisto, poradi, idstul, status) VALUES (887, '3', 150, 'A');
INSERT INTO public.misto (idmisto, poradi, idstul, status) VALUES (888, '4', 150, 'A');
INSERT INTO public.misto (idmisto, poradi, idstul, status) VALUES (889, '5', 150, 'A');
INSERT INTO public.misto (idmisto, poradi, idstul, status) VALUES (890, '6', 150, 'A');
INSERT INTO public.misto (idmisto, poradi, idstul, status) VALUES (891, '1', 151, 'A');
INSERT INTO public.misto (idmisto, poradi, idstul, status) VALUES (892, '2', 151, 'A');
INSERT INTO public.misto (idmisto, poradi, idstul, status) VALUES (893, '3', 151, 'A');
INSERT INTO public.misto (idmisto, poradi, idstul, status) VALUES (894, '4', 151, 'A');
INSERT INTO public.misto (idmisto, poradi, idstul, status) VALUES (895, '5', 151, 'A');
INSERT INTO public.misto (idmisto, poradi, idstul, status) VALUES (896, '6', 151, 'A');
INSERT INTO public.misto (idmisto, poradi, idstul, status) VALUES (897, '1', 152, 'A');
INSERT INTO public.misto (idmisto, poradi, idstul, status) VALUES (898, '2', 152, 'A');
INSERT INTO public.misto (idmisto, poradi, idstul, status) VALUES (899, '3', 152, 'A');
INSERT INTO public.misto (idmisto, poradi, idstul, status) VALUES (900, '4', 152, 'A');
INSERT INTO public.misto (idmisto, poradi, idstul, status) VALUES (901, '5', 152, 'A');
INSERT INTO public.misto (idmisto, poradi, idstul, status) VALUES (902, '6', 152, 'A');
INSERT INTO public.misto (idmisto, poradi, idstul, status) VALUES (903, '1', 153, 'A');
INSERT INTO public.misto (idmisto, poradi, idstul, status) VALUES (904, '2', 153, 'A');
INSERT INTO public.misto (idmisto, poradi, idstul, status) VALUES (905, '3', 153, 'A');
INSERT INTO public.misto (idmisto, poradi, idstul, status) VALUES (906, '4', 153, 'A');
INSERT INTO public.misto (idmisto, poradi, idstul, status) VALUES (907, '5', 153, 'A');
INSERT INTO public.misto (idmisto, poradi, idstul, status) VALUES (908, '6', 153, 'A');
INSERT INTO public.misto (idmisto, poradi, idstul, status) VALUES (909, '1', 154, 'A');
INSERT INTO public.misto (idmisto, poradi, idstul, status) VALUES (910, '2', 154, 'A');
INSERT INTO public.misto (idmisto, poradi, idstul, status) VALUES (911, '3', 154, 'A');
INSERT INTO public.misto (idmisto, poradi, idstul, status) VALUES (912, '4', 154, 'A');
INSERT INTO public.misto (idmisto, poradi, idstul, status) VALUES (913, '5', 154, 'A');
INSERT INTO public.misto (idmisto, poradi, idstul, status) VALUES (914, '6', 154, 'A');
INSERT INTO public.misto (idmisto, poradi, idstul, status) VALUES (915, '1', 155, 'A');
INSERT INTO public.misto (idmisto, poradi, idstul, status) VALUES (916, '2', 155, 'A');
INSERT INTO public.misto (idmisto, poradi, idstul, status) VALUES (917, '3', 155, 'A');
INSERT INTO public.misto (idmisto, poradi, idstul, status) VALUES (918, '4', 155, 'A');
INSERT INTO public.misto (idmisto, poradi, idstul, status) VALUES (919, '5', 155, 'A');
INSERT INTO public.misto (idmisto, poradi, idstul, status) VALUES (920, '6', 155, 'A');
INSERT INTO public.misto (idmisto, poradi, idstul, status) VALUES (921, '1', 156, 'A');
INSERT INTO public.misto (idmisto, poradi, idstul, status) VALUES (922, '2', 156, 'A');
INSERT INTO public.misto (idmisto, poradi, idstul, status) VALUES (923, '3', 156, 'A');
INSERT INTO public.misto (idmisto, poradi, idstul, status) VALUES (924, '4', 156, 'A');
INSERT INTO public.misto (idmisto, poradi, idstul, status) VALUES (925, '5', 156, 'A');
INSERT INTO public.misto (idmisto, poradi, idstul, status) VALUES (926, '6', 156, 'A');
INSERT INTO public.misto (idmisto, poradi, idstul, status) VALUES (927, '1', 157, 'A');
INSERT INTO public.misto (idmisto, poradi, idstul, status) VALUES (928, '2', 157, 'A');
INSERT INTO public.misto (idmisto, poradi, idstul, status) VALUES (929, '3', 157, 'A');
INSERT INTO public.misto (idmisto, poradi, idstul, status) VALUES (930, '4', 157, 'A');
INSERT INTO public.misto (idmisto, poradi, idstul, status) VALUES (931, '5', 157, 'A');
INSERT INTO public.misto (idmisto, poradi, idstul, status) VALUES (932, '6', 157, 'A');
INSERT INTO public.misto (idmisto, poradi, idstul, status) VALUES (933, '7', 157, 'A');
INSERT INTO public.misto (idmisto, poradi, idstul, status) VALUES (934, '8', 157, 'A');
INSERT INTO public.misto (idmisto, poradi, idstul, status) VALUES (935, '9', 157, 'A');
INSERT INTO public.misto (idmisto, poradi, idstul, status) VALUES (936, '10', 157, 'A');
INSERT INTO public.misto (idmisto, poradi, idstul, status) VALUES (937, '1', 158, 'A');
INSERT INTO public.misto (idmisto, poradi, idstul, status) VALUES (938, '2', 158, 'A');
INSERT INTO public.misto (idmisto, poradi, idstul, status) VALUES (939, '3', 158, 'A');
INSERT INTO public.misto (idmisto, poradi, idstul, status) VALUES (940, '4', 158, 'A');
INSERT INTO public.misto (idmisto, poradi, idstul, status) VALUES (941, '5', 158, 'A');
INSERT INTO public.misto (idmisto, poradi, idstul, status) VALUES (942, '6', 158, 'A');
INSERT INTO public.misto (idmisto, poradi, idstul, status) VALUES (943, '7', 158, 'A');
INSERT INTO public.misto (idmisto, poradi, idstul, status) VALUES (944, '8', 158, 'A');
INSERT INTO public.misto (idmisto, poradi, idstul, status) VALUES (945, '9', 158, 'A');
INSERT INTO public.misto (idmisto, poradi, idstul, status) VALUES (946, '10', 158, 'A');
INSERT INTO public.misto (idmisto, poradi, idstul, status) VALUES (947, '1', 159, 'A');
INSERT INTO public.misto (idmisto, poradi, idstul, status) VALUES (948, '2', 159, 'A');
INSERT INTO public.misto (idmisto, poradi, idstul, status) VALUES (949, '3', 159, 'A');
INSERT INTO public.misto (idmisto, poradi, idstul, status) VALUES (950, '4', 159, 'A');
INSERT INTO public.misto (idmisto, poradi, idstul, status) VALUES (951, '5', 159, 'A');
INSERT INTO public.misto (idmisto, poradi, idstul, status) VALUES (952, '6', 159, 'A');
INSERT INTO public.misto (idmisto, poradi, idstul, status) VALUES (953, '7', 159, 'A');
INSERT INTO public.misto (idmisto, poradi, idstul, status) VALUES (954, '8', 159, 'A');
INSERT INTO public.misto (idmisto, poradi, idstul, status) VALUES (955, '9', 159, 'A');
INSERT INTO public.misto (idmisto, poradi, idstul, status) VALUES (956, '10', 159, 'A');
INSERT INTO public.misto (idmisto, poradi, idstul, status) VALUES (957, '1', 160, 'A');
INSERT INTO public.misto (idmisto, poradi, idstul, status) VALUES (958, '2', 160, 'A');
INSERT INTO public.misto (idmisto, poradi, idstul, status) VALUES (959, '3', 160, 'A');
INSERT INTO public.misto (idmisto, poradi, idstul, status) VALUES (960, '4', 160, 'A');
INSERT INTO public.misto (idmisto, poradi, idstul, status) VALUES (961, '5', 160, 'A');
INSERT INTO public.misto (idmisto, poradi, idstul, status) VALUES (962, '6', 160, 'A');
INSERT INTO public.misto (idmisto, poradi, idstul, status) VALUES (963, '1', 161, 'A');
INSERT INTO public.misto (idmisto, poradi, idstul, status) VALUES (964, '2', 161, 'A');
INSERT INTO public.misto (idmisto, poradi, idstul, status) VALUES (965, '3', 161, 'A');
INSERT INTO public.misto (idmisto, poradi, idstul, status) VALUES (966, '4', 161, 'A');
INSERT INTO public.misto (idmisto, poradi, idstul, status) VALUES (967, '5', 161, 'A');
INSERT INTO public.misto (idmisto, poradi, idstul, status) VALUES (968, '6', 161, 'A');
INSERT INTO public.misto (idmisto, poradi, idstul, status) VALUES (969, '1', 162, 'A');
INSERT INTO public.misto (idmisto, poradi, idstul, status) VALUES (970, '2', 162, 'A');
INSERT INTO public.misto (idmisto, poradi, idstul, status) VALUES (971, '3', 162, 'A');
INSERT INTO public.misto (idmisto, poradi, idstul, status) VALUES (972, '4', 162, 'A');
INSERT INTO public.misto (idmisto, poradi, idstul, status) VALUES (973, '5', 162, 'A');
INSERT INTO public.misto (idmisto, poradi, idstul, status) VALUES (974, '6', 162, 'A');
INSERT INTO public.misto (idmisto, poradi, idstul, status) VALUES (975, '1', 163, 'A');
INSERT INTO public.misto (idmisto, poradi, idstul, status) VALUES (976, '2', 163, 'A');
INSERT INTO public.misto (idmisto, poradi, idstul, status) VALUES (977, '3', 163, 'A');
INSERT INTO public.misto (idmisto, poradi, idstul, status) VALUES (978, '4', 163, 'A');
INSERT INTO public.misto (idmisto, poradi, idstul, status) VALUES (979, '5', 163, 'A');
INSERT INTO public.misto (idmisto, poradi, idstul, status) VALUES (980, '6', 163, 'A');
INSERT INTO public.misto (idmisto, poradi, idstul, status) VALUES (981, '1', 164, 'A');
INSERT INTO public.misto (idmisto, poradi, idstul, status) VALUES (982, '2', 164, 'A');
INSERT INTO public.misto (idmisto, poradi, idstul, status) VALUES (983, '3', 164, 'A');
INSERT INTO public.misto (idmisto, poradi, idstul, status) VALUES (984, '4', 164, 'A');
INSERT INTO public.misto (idmisto, poradi, idstul, status) VALUES (985, '5', 164, 'A');
INSERT INTO public.misto (idmisto, poradi, idstul, status) VALUES (986, '6', 164, 'A');
INSERT INTO public.misto (idmisto, poradi, idstul, status) VALUES (987, '7', 164, 'A');
INSERT INTO public.misto (idmisto, poradi, idstul, status) VALUES (988, '8', 164, 'A');
INSERT INTO public.misto (idmisto, poradi, idstul, status) VALUES (989, '9', 164, 'A');
INSERT INTO public.misto (idmisto, poradi, idstul, status) VALUES (990, '10', 164, 'A');
INSERT INTO public.misto (idmisto, poradi, idstul, status) VALUES (991, '11', 164, 'A');
INSERT INTO public.misto (idmisto, poradi, idstul, status) VALUES (992, '12', 164, 'A');
INSERT INTO public.misto (idmisto, poradi, idstul, status) VALUES (993, '1', 165, 'A');
INSERT INTO public.misto (idmisto, poradi, idstul, status) VALUES (994, '2', 165, 'A');
INSERT INTO public.misto (idmisto, poradi, idstul, status) VALUES (995, '3', 165, 'A');
INSERT INTO public.misto (idmisto, poradi, idstul, status) VALUES (996, '4', 165, 'A');
INSERT INTO public.misto (idmisto, poradi, idstul, status) VALUES (997, '5', 165, 'A');
INSERT INTO public.misto (idmisto, poradi, idstul, status) VALUES (998, '6', 165, 'A');
INSERT INTO public.misto (idmisto, poradi, idstul, status) VALUES (999, '1', 166, 'A');
INSERT INTO public.misto (idmisto, poradi, idstul, status) VALUES (1000, '2', 166, 'A');
INSERT INTO public.misto (idmisto, poradi, idstul, status) VALUES (1001, '3', 166, 'A');
INSERT INTO public.misto (idmisto, poradi, idstul, status) VALUES (1002, '4', 166, 'A');
INSERT INTO public.misto (idmisto, poradi, idstul, status) VALUES (1003, '5', 166, 'A');
INSERT INTO public.misto (idmisto, poradi, idstul, status) VALUES (1004, '6', 166, 'A');
INSERT INTO public.misto (idmisto, poradi, idstul, status) VALUES (1005, '1', 167, 'A');
INSERT INTO public.misto (idmisto, poradi, idstul, status) VALUES (1006, '2', 167, 'A');
INSERT INTO public.misto (idmisto, poradi, idstul, status) VALUES (1007, '3', 167, 'A');
INSERT INTO public.misto (idmisto, poradi, idstul, status) VALUES (1008, '4', 167, 'A');
INSERT INTO public.misto (idmisto, poradi, idstul, status) VALUES (1009, '5', 167, 'A');
INSERT INTO public.misto (idmisto, poradi, idstul, status) VALUES (1010, '6', 167, 'A');
INSERT INTO public.misto (idmisto, poradi, idstul, status) VALUES (1011, '7', 167, 'A');
INSERT INTO public.misto (idmisto, poradi, idstul, status) VALUES (1012, '8', 167, 'A');
INSERT INTO public.misto (idmisto, poradi, idstul, status) VALUES (1013, '9', 167, 'A');
INSERT INTO public.misto (idmisto, poradi, idstul, status) VALUES (1014, '10', 167, 'A');
INSERT INTO public.misto (idmisto, poradi, idstul, status) VALUES (1015, '1', 168, 'A');
INSERT INTO public.misto (idmisto, poradi, idstul, status) VALUES (1016, '2', 168, 'A');
INSERT INTO public.misto (idmisto, poradi, idstul, status) VALUES (1017, '3', 168, 'A');
INSERT INTO public.misto (idmisto, poradi, idstul, status) VALUES (1018, '4', 168, 'A');
INSERT INTO public.misto (idmisto, poradi, idstul, status) VALUES (1019, '5', 168, 'A');
INSERT INTO public.misto (idmisto, poradi, idstul, status) VALUES (1020, '6', 168, 'A');
INSERT INTO public.misto (idmisto, poradi, idstul, status) VALUES (1021, '1', 169, 'A');
INSERT INTO public.misto (idmisto, poradi, idstul, status) VALUES (1022, '2', 169, 'A');
INSERT INTO public.misto (idmisto, poradi, idstul, status) VALUES (1023, '3', 169, 'A');
INSERT INTO public.misto (idmisto, poradi, idstul, status) VALUES (1024, '4', 169, 'A');
INSERT INTO public.misto (idmisto, poradi, idstul, status) VALUES (1025, '5', 169, 'A');
INSERT INTO public.misto (idmisto, poradi, idstul, status) VALUES (1026, '6', 169, 'A');
INSERT INTO public.misto (idmisto, poradi, idstul, status) VALUES (1027, '1', 170, 'A');
INSERT INTO public.misto (idmisto, poradi, idstul, status) VALUES (1028, '2', 170, 'A');
INSERT INTO public.misto (idmisto, poradi, idstul, status) VALUES (1029, '3', 170, 'A');
INSERT INTO public.misto (idmisto, poradi, idstul, status) VALUES (1030, '4', 170, 'A');
INSERT INTO public.misto (idmisto, poradi, idstul, status) VALUES (1031, '5', 170, 'A');
INSERT INTO public.misto (idmisto, poradi, idstul, status) VALUES (1032, '6', 170, 'A');
INSERT INTO public.misto (idmisto, poradi, idstul, status) VALUES (1033, '7', 170, 'A');
INSERT INTO public.misto (idmisto, poradi, idstul, status) VALUES (1034, '8', 170, 'A');
INSERT INTO public.misto (idmisto, poradi, idstul, status) VALUES (1035, '9', 170, 'A');
INSERT INTO public.misto (idmisto, poradi, idstul, status) VALUES (1036, '10', 170, 'A');
INSERT INTO public.misto (idmisto, poradi, idstul, status) VALUES (1037, '1', 171, 'A');
INSERT INTO public.misto (idmisto, poradi, idstul, status) VALUES (1038, '2', 171, 'A');
INSERT INTO public.misto (idmisto, poradi, idstul, status) VALUES (1039, '3', 171, 'A');
INSERT INTO public.misto (idmisto, poradi, idstul, status) VALUES (1040, '4', 171, 'A');
INSERT INTO public.misto (idmisto, poradi, idstul, status) VALUES (1041, '5', 171, 'A');
INSERT INTO public.misto (idmisto, poradi, idstul, status) VALUES (1042, '6', 171, 'A');
INSERT INTO public.misto (idmisto, poradi, idstul, status) VALUES (1043, '1', 172, 'A');
INSERT INTO public.misto (idmisto, poradi, idstul, status) VALUES (1044, '2', 172, 'A');
INSERT INTO public.misto (idmisto, poradi, idstul, status) VALUES (1045, '3', 172, 'A');
INSERT INTO public.misto (idmisto, poradi, idstul, status) VALUES (1046, '4', 172, 'A');
INSERT INTO public.misto (idmisto, poradi, idstul, status) VALUES (1047, '5', 172, 'A');
INSERT INTO public.misto (idmisto, poradi, idstul, status) VALUES (1048, '6', 172, 'A');
INSERT INTO public.misto (idmisto, poradi, idstul, status) VALUES (1049, '1', 173, 'A');
INSERT INTO public.misto (idmisto, poradi, idstul, status) VALUES (1050, '2', 173, 'A');
INSERT INTO public.misto (idmisto, poradi, idstul, status) VALUES (1051, '3', 173, 'A');
INSERT INTO public.misto (idmisto, poradi, idstul, status) VALUES (1052, '4', 173, 'A');
INSERT INTO public.misto (idmisto, poradi, idstul, status) VALUES (1053, '5', 173, 'A');
INSERT INTO public.misto (idmisto, poradi, idstul, status) VALUES (1054, '6', 173, 'A');
INSERT INTO public.misto (idmisto, poradi, idstul, status) VALUES (1055, '1', 174, 'A');
INSERT INTO public.misto (idmisto, poradi, idstul, status) VALUES (1056, '2', 174, 'A');
INSERT INTO public.misto (idmisto, poradi, idstul, status) VALUES (1057, '3', 174, 'A');
INSERT INTO public.misto (idmisto, poradi, idstul, status) VALUES (1058, '4', 174, 'A');
INSERT INTO public.misto (idmisto, poradi, idstul, status) VALUES (1059, '5', 174, 'A');
INSERT INTO public.misto (idmisto, poradi, idstul, status) VALUES (1060, '6', 174, 'A');
INSERT INTO public.misto (idmisto, poradi, idstul, status) VALUES (1061, '1', 175, 'A');
INSERT INTO public.misto (idmisto, poradi, idstul, status) VALUES (1062, '2', 175, 'A');
INSERT INTO public.misto (idmisto, poradi, idstul, status) VALUES (1063, '3', 175, 'A');
INSERT INTO public.misto (idmisto, poradi, idstul, status) VALUES (1064, '4', 175, 'A');
INSERT INTO public.misto (idmisto, poradi, idstul, status) VALUES (1065, '5', 175, 'A');
INSERT INTO public.misto (idmisto, poradi, idstul, status) VALUES (1066, '6', 175, 'A');


INSERT INTO public.zakaznik (idzakaznik, jmeno, prijmeni, mail, status, caspotvrzeni) VALUES (1, null, null, 'adam.ruzicka@email.cz', 'V', null);



