COPY public.typmista (idtypmista, typmista, cena) FROM stdin;
1	S	300
4	L	700
2	V	600
3	B	500
\.

INSERT INTO public.stul (idstul, nazev, avaiablequantity, quantitysum, idtypmista) VALUES (1,'vpravoprizemi-1', 4,  4 ,  2);
INSERT INTO public.stul (idstul, nazev, avaiablequantity, quantitysum, idtypmista) VALUES (2,'vpravoprizemi-2', 6,  6 ,  2);
INSERT INTO public.stul (idstul, nazev, avaiablequantity, quantitysum, idtypmista) VALUES (3,'vpravoprizemi-3', 6,  6 ,  2);
INSERT INTO public.stul (idstul, nazev, avaiablequantity, quantitysum, idtypmista) VALUES (4,'vpravoprizemi-4', 6,  6 ,  2);
INSERT INTO public.stul (idstul, nazev, avaiablequantity, quantitysum, idtypmista) VALUES (5,'vpravoprizemi-5', 6,  6 ,  2);
INSERT INTO public.stul (idstul, nazev, avaiablequantity, quantitysum, idtypmista) VALUES (6,'vpravoprizemi-6', 4,  4 ,  2);
INSERT INTO public.stul (idstul, nazev, avaiablequantity, quantitysum, idtypmista) VALUES (7,'vpravoprizemi-7', 4,  4 ,  2);
INSERT INTO public.stul (idstul, nazev, avaiablequantity, quantitysum, idtypmista) VALUES (8,'vpravoprizemi-8', 6,  6 ,  2);
INSERT INTO public.stul (idstul, nazev, avaiablequantity, quantitysum, idtypmista) VALUES (9,'vpravoprizemi-9', 6,  6 ,  2);
INSERT INTO public.stul (idstul, nazev, avaiablequantity, quantitysum, idtypmista) VALUES (10,'vpravoprizemi-10', 6,  6 ,  2);
INSERT INTO public.stul (idstul, nazev, avaiablequantity, quantitysum, idtypmista) VALUES (11,'vpravoprizemi-11', 6,  6 ,  2);
INSERT INTO public.stul (idstul, nazev, avaiablequantity, quantitysum, idtypmista) VALUES (12,'vpravoprizemi-12', 6,  6 ,  2);
INSERT INTO public.stul (idstul, nazev, avaiablequantity, quantitysum, idtypmista) VALUES (13,'vpravoprizemi-13', 6,  6 ,  2);
INSERT INTO public.stul (idstul, nazev, avaiablequantity, quantitysum, idtypmista) VALUES (14,'vpravoprizemi-14', 6,  6 ,  3);
INSERT INTO public.stul (idstul, nazev, avaiablequantity, quantitysum, idtypmista) VALUES (15,'vpravoprizemi-15', 6,  6 ,  3);
INSERT INTO public.stul (idstul, nazev, avaiablequantity, quantitysum, idtypmista) VALUES (16,'vpravoprizemi-16', 6,  6 ,  3);
INSERT INTO public.stul (idstul, nazev, avaiablequantity, quantitysum, idtypmista) VALUES (17,'vpravoprizemi-17', 6,  6 ,  3);
INSERT INTO public.stul (idstul, nazev, avaiablequantity, quantitysum, idtypmista) VALUES (18,'vpravoprizemi-18', 6,  6 ,  3);
INSERT INTO public.stul (idstul, nazev, avaiablequantity, quantitysum, idtypmista) VALUES (19,'vpravoprizemi-19', 6,  6 ,  3);
INSERT INTO public.stul (idstul, nazev, avaiablequantity, quantitysum, idtypmista) VALUES (20,'vpravoprizemi-20', 6,  6 ,  3);
INSERT INTO public.stul (idstul, nazev, avaiablequantity, quantitysum, idtypmista) VALUES (21,'vpravoprizemi-21', 6,  6 ,  3);
INSERT INTO public.stul (idstul, nazev, avaiablequantity, quantitysum, idtypmista) VALUES (22,'vpravoprizemi-22', 6,  6 ,  3);
INSERT INTO public.stul (idstul, nazev, avaiablequantity, quantitysum, idtypmista) VALUES (23,'vpravoprizemi-23', 6,  6 ,  3);
INSERT INTO public.stul (idstul, nazev, avaiablequantity, quantitysum, idtypmista) VALUES (24,'vpravoprizemi-24', 6,  6 ,  3);
INSERT INTO public.stul (idstul, nazev, avaiablequantity, quantitysum, idtypmista) VALUES (25,'vpravoprizemi-25', 6,  6 ,  3);



INSERT INTO public.stul (idstul, nazev, avaiablequantity, quantitysum, idtypmista) VALUES (26, 'vlevoprizemi-1', 6, 6, 2);
INSERT INTO public.stul (idstul, nazev, avaiablequantity, quantitysum, idtypmista) VALUES (27, 'vlevoprizemi-2', 6, 6, 2);
INSERT INTO public.stul (idstul, nazev, avaiablequantity, quantitysum, idtypmista) VALUES (28, 'vlevoprizemi-3', 6, 6, 2);
INSERT INTO public.stul (idstul, nazev, avaiablequantity, quantitysum, idtypmista) VALUES (29, 'vlevoprizemi-4', 6, 6, 2);
INSERT INTO public.stul (idstul, nazev, avaiablequantity, quantitysum, idtypmista) VALUES (30, 'vlevoprizemi-5', 6, 6, 2);
INSERT INTO public.stul (idstul, nazev, avaiablequantity, quantitysum, idtypmista) VALUES (31, 'vlevoprizemi-6', 4, 4, 2);
INSERT INTO public.stul (idstul, nazev, avaiablequantity, quantitysum, idtypmista) VALUES (32, 'vlevoprizemi-7', 4, 4, 2);
INSERT INTO public.stul (idstul, nazev, avaiablequantity, quantitysum, idtypmista) VALUES (33, 'vlevoprizemi-8', 6, 6, 2);
INSERT INTO public.stul (idstul, nazev, avaiablequantity, quantitysum, idtypmista) VALUES (34, 'vlevoprizemi-9', 6, 6, 2);
INSERT INTO public.stul (idstul, nazev, avaiablequantity, quantitysum, idtypmista) VALUES (35, 'vlevoprizemi-10', 6, 6,2);
INSERT INTO public.stul (idstul, nazev, avaiablequantity, quantitysum, idtypmista) VALUES (36, 'vlevoprizemi-11', 6, 6,2);
INSERT INTO public.stul (idstul, nazev, avaiablequantity, quantitysum, idtypmista) VALUES (37, 'vlevoprizemi-12', 6, 6,2);
INSERT INTO public.stul (idstul, nazev, avaiablequantity, quantitysum, idtypmista) VALUES (38, 'vlevoprizemi-13', 6, 6,2);
INSERT INTO public.stul (idstul, nazev, avaiablequantity, quantitysum, idtypmista) VALUES (39, 'vlevoprizemi-14', 6, 6, 2);
INSERT INTO public.stul (idstul, nazev, avaiablequantity, quantitysum, idtypmista) VALUES (40, 'vlevoprizemi-15', 6, 6, 2);
INSERT INTO public.stul (idstul, nazev, avaiablequantity, quantitysum, idtypmista) VALUES (41, 'vlevoprizemi-16', 6, 6, 3);
INSERT INTO public.stul (idstul, nazev, avaiablequantity, quantitysum, idtypmista) VALUES (42, 'vlevoprizemi-17', 6, 6, 3);
INSERT INTO public.stul (idstul, nazev, avaiablequantity, quantitysum, idtypmista) VALUES (43, 'vlevoprizemi-18', 6, 6, 3);
INSERT INTO public.stul (idstul, nazev, avaiablequantity, quantitysum, idtypmista) VALUES (44, 'vlevoprizemi-19', 6, 6, 3);
INSERT INTO public.stul (idstul, nazev, avaiablequantity, quantitysum, idtypmista) VALUES (45, 'vlevoprizemi-20', 6, 6, 3);
INSERT INTO public.stul (idstul, nazev, avaiablequantity, quantitysum, idtypmista) VALUES (46, 'vlevoprizemi-21', 6, 6, 3);
INSERT INTO public.stul (idstul, nazev, avaiablequantity, quantitysum, idtypmista) VALUES (47, 'vlevoprizemi-22', 6, 6, 3);
INSERT INTO public.stul (idstul, nazev, avaiablequantity, quantitysum, idtypmista) VALUES (48, 'vlevoprizemi-23', 6, 6, 3);
INSERT INTO public.stul (idstul, nazev, avaiablequantity, quantitysum, idtypmista) VALUES (49, 'vlevoprizemi-24', 6, 6, 3);
INSERT INTO public.stul (idstul, nazev, avaiablequantity, quantitysum, idtypmista) VALUES (50, 'vlevoprizemi-25', 6, 6, 3);
INSERT INTO public.stul (idstul, nazev, avaiablequantity, quantitysum, idtypmista) VALUES (51, 'vlevoprizemi-26', 6, 6, 3);
INSERT INTO public.stul (idstul, nazev, avaiablequantity, quantitysum, idtypmista) VALUES (52, 'vlevoprizemi-27', 6, 6, 3);
INSERT INTO public.stul (idstul, nazev, avaiablequantity, quantitysum, idtypmista) VALUES (53, 'vlevoprizemi-28', 6, 6, 3);
INSERT INTO public.stul (idstul, nazev, avaiablequantity, quantitysum, idtypmista) VALUES (54, 'vlevoprizemi-29', 6, 6, 3);

INSERT INTO public.stul (idstul, nazev, avaiablequantity, quantitysum, idtypmista) VALUES (55, 'prvnipatrovpravo-1', 6, 6, 2);
INSERT INTO public.stul (idstul, nazev, avaiablequantity, quantitysum, idtypmista) VALUES (56, 'prvnipatrovpravo-2', 6, 6, 2);
INSERT INTO public.stul (idstul, nazev, avaiablequantity, quantitysum, idtypmista) VALUES (57, 'prvnipatrovpravo-3', 6, 6, 2);
INSERT INTO public.stul (idstul, nazev, avaiablequantity, quantitysum, idtypmista) VALUES (58, 'prvnipatrovpravo-4', 6, 6, 2);
INSERT INTO public.stul (idstul, nazev, avaiablequantity, quantitysum, idtypmista) VALUES (59, 'prvnipatrovpravo-5', 6, 6, 2);
INSERT INTO public.stul (idstul, nazev, avaiablequantity, quantitysum, idtypmista) VALUES (60, 'prvnipatrovpravo-6', 6, 6, 2);
INSERT INTO public.stul (idstul, nazev, avaiablequantity, quantitysum, idtypmista) VALUES (61, 'prvnipatrovpravo-7', 6, 6, 2);
INSERT INTO public.stul (idstul, nazev, avaiablequantity, quantitysum, idtypmista) VALUES (62, 'prvnipatrovpravo-8', 6, 6, 2);
INSERT INTO public.stul (idstul, nazev, avaiablequantity, quantitysum, idtypmista) VALUES (63, 'prvnipatrovpravo-9', 6, 6, 2);
INSERT INTO public.stul (idstul, nazev, avaiablequantity, quantitysum, idtypmista) VALUES (64, 'prvnipatrovpravo-10', 6, 6, 2);
INSERT INTO public.stul (idstul, nazev, avaiablequantity, quantitysum, idtypmista) VALUES (65, 'prvnipatrovpravo-11', 6, 6, 2);
INSERT INTO public.stul (idstul, nazev, avaiablequantity, quantitysum, idtypmista) VALUES (66, 'prvnipatrovpravo-12', 6, 6, 2);
INSERT INTO public.stul (idstul, nazev, avaiablequantity, quantitysum, idtypmista) VALUES (67, 'prvnipatrovpravo-13', 6, 6, 3);
INSERT INTO public.stul (idstul, nazev, avaiablequantity, quantitysum, idtypmista) VALUES (68, 'prvnipatrovpravo-14', 6, 6, 3);
INSERT INTO public.stul (idstul, nazev, avaiablequantity, quantitysum, idtypmista) VALUES (69, 'prvnipatrovpravo-15', 6, 6, 3);
INSERT INTO public.stul (idstul, nazev, avaiablequantity, quantitysum, idtypmista) VALUES (70, 'prvnipatrovpravo-16', 6, 6, 3);
INSERT INTO public.stul (idstul, nazev, avaiablequantity, quantitysum, idtypmista) VALUES (71, 'prvnipatrovpravo-17', 6, 6, 3);
INSERT INTO public.stul (idstul, nazev, avaiablequantity, quantitysum, idtypmista) VALUES (72, 'prvnipatrovpravo-18', 6, 6, 3);
INSERT INTO public.stul (idstul, nazev, avaiablequantity, quantitysum, idtypmista) VALUES (73, 'prvnipatrovpravo-19', 6, 6, 3);
INSERT INTO public.stul (idstul, nazev, avaiablequantity, quantitysum, idtypmista) VALUES (74, 'prvnipatrovpravo-20', 6, 6, 3);
INSERT INTO public.stul (idstul, nazev, avaiablequantity, quantitysum, idtypmista) VALUES (75, 'prvnipatrovpravo-21', 6, 6, 3);
INSERT INTO public.stul (idstul, nazev, avaiablequantity, quantitysum, idtypmista) VALUES (76, 'prvnipatrovpravo-22', 6, 6, 3);
INSERT INTO public.stul (idstul, nazev, avaiablequantity, quantitysum, idtypmista) VALUES (77, 'prvnipatrovpravo-23', 6, 6, 3);
INSERT INTO public.stul (idstul, nazev, avaiablequantity, quantitysum, idtypmista) VALUES (78, 'prvnipatrovpravo-24', 6, 6, 3);
INSERT INTO public.stul (idstul, nazev, avaiablequantity, quantitysum, idtypmista) VALUES (79, 'prvnipatrovpravo-25', 6, 6, 3);



INSERT INTO public.stul (idstul, nazev, avaiablequantity, quantitysum, idtypmista) VALUES (80, 'prvnipatrovlevo-1', 6, 6, 2);
INSERT INTO public.stul (idstul, nazev, avaiablequantity, quantitysum, idtypmista) VALUES (81, 'prvnipatrovlevo-2', 6, 6, 2);
INSERT INTO public.stul (idstul, nazev, avaiablequantity, quantitysum, idtypmista) VALUES (82, 'prvnipatrovlevo-3', 6, 6, 2);
INSERT INTO public.stul (idstul, nazev, avaiablequantity, quantitysum, idtypmista) VALUES (83, 'prvnipatrovlevo-4', 6, 6, 2);
INSERT INTO public.stul (idstul, nazev, avaiablequantity, quantitysum, idtypmista) VALUES (84, 'prvnipatrovlevo-5', 6, 6, 2);
INSERT INTO public.stul (idstul, nazev, avaiablequantity, quantitysum, idtypmista) VALUES (85, 'prvnipatrovlevo-6', 6, 6, 2);
INSERT INTO public.stul (idstul, nazev, avaiablequantity, quantitysum, idtypmista) VALUES (86, 'prvnipatrovlevo-7', 6, 6, 2);
INSERT INTO public.stul (idstul, nazev, avaiablequantity, quantitysum, idtypmista) VALUES (87, 'prvnipatrovlevo-8', 6, 6, 2);
INSERT INTO public.stul (idstul, nazev, avaiablequantity, quantitysum, idtypmista) VALUES (88, 'prvnipatrovlevo-9', 6, 6, 2);
INSERT INTO public.stul (idstul, nazev, avaiablequantity, quantitysum, idtypmista) VALUES (89, 'prvnipatrovlevo-10', 6, 6, 2);
INSERT INTO public.stul (idstul, nazev, avaiablequantity, quantitysum, idtypmista) VALUES (90, 'prvnipatrovlevo-11', 6, 6, 2);
INSERT INTO public.stul (idstul, nazev, avaiablequantity, quantitysum, idtypmista) VALUES (91, 'prvnipatrovlevo-12', 6, 6, 2);
INSERT INTO public.stul (idstul, nazev, avaiablequantity, quantitysum, idtypmista) VALUES (92, 'prvnipatrovlevo-13', 6, 6, 2);
INSERT INTO public.stul (idstul, nazev, avaiablequantity, quantitysum, idtypmista) VALUES (93, 'prvnipatrovlevo-14', 6, 6, 2);
INSERT INTO public.stul (idstul, nazev, avaiablequantity, quantitysum, idtypmista) VALUES (94, 'prvnipatrovlevo-15', 6, 6, 3);
INSERT INTO public.stul (idstul, nazev, avaiablequantity, quantitysum, idtypmista) VALUES (95, 'prvnipatrovlevo-16', 6, 6, 3);
INSERT INTO public.stul (idstul, nazev, avaiablequantity, quantitysum, idtypmista) VALUES (96, 'prvnipatrovlevo-17', 6, 6, 3);
INSERT INTO public.stul (idstul, nazev, avaiablequantity, quantitysum, idtypmista) VALUES (97, 'prvnipatrovlevo-18', 6, 6, 3);
INSERT INTO public.stul (idstul, nazev, avaiablequantity, quantitysum, idtypmista) VALUES (98, 'prvnipatrovlevo-19', 6, 6, 3);
INSERT INTO public.stul (idstul, nazev, avaiablequantity, quantitysum, idtypmista) VALUES (99, 'prvnipatrovlevo-20', 6, 6, 3);
INSERT INTO public.stul (idstul, nazev, avaiablequantity, quantitysum, idtypmista) VALUES (100, 'prvnipatrovlevo-21', 6, 6, 3);
INSERT INTO public.stul (idstul, nazev, avaiablequantity, quantitysum, idtypmista) VALUES (101, 'prvnipatrovlevo-22', 6, 6, 3);
INSERT INTO public.stul (idstul, nazev, avaiablequantity, quantitysum, idtypmista) VALUES (102, 'prvnipatrovlevo-23', 6, 6, 3);
INSERT INTO public.stul (idstul, nazev, avaiablequantity, quantitysum, idtypmista) VALUES (103, 'prvnipatrovlevo-24', 6, 6, 3);
INSERT INTO public.stul (idstul, nazev, avaiablequantity, quantitysum, idtypmista) VALUES (104, 'prvnipatrovlevo-25', 6, 6, 3);
INSERT INTO public.stul (idstul, nazev, avaiablequantity, quantitysum, idtypmista) VALUES (105, 'prvnipatrovlevo-26', 6, 6, 3);
INSERT INTO public.stul (idstul, nazev, avaiablequantity, quantitysum, idtypmista) VALUES (106, 'prvnipatrovlevo-27', 6, 6, 3);
INSERT INTO public.stul (idstul, nazev, avaiablequantity, quantitysum, idtypmista) VALUES (107, 'prvnipatrovlevo-28', 6, 6, 3);
INSERT INTO public.stul (idstul, nazev, avaiablequantity, quantitysum, idtypmista) VALUES (108, 'prvnipatrovlevo-29', 6, 6, 3);



INSERT INTO public.stul (idstul, nazev, avaiablequantity, quantitysum, idtypmista) VALUES (109, 'druhepatrovpravo-1', 6, 6, 2);
INSERT INTO public.stul (idstul, nazev, avaiablequantity, quantitysum, idtypmista) VALUES (110, 'druhepatrovpravo-2', 6, 6, 2);
INSERT INTO public.stul (idstul, nazev, avaiablequantity, quantitysum, idtypmista) VALUES (111, 'druhepatrovpravo-3', 6, 6, 2);
INSERT INTO public.stul (idstul, nazev, avaiablequantity, quantitysum, idtypmista) VALUES (112, 'druhepatrovpravo-4', 6, 6, 2);
INSERT INTO public.stul (idstul, nazev, avaiablequantity, quantitysum, idtypmista) VALUES (113, 'druhepatrovpravo-5', 6, 6, 2);
INSERT INTO public.stul (idstul, nazev, avaiablequantity, quantitysum, idtypmista) VALUES (114, 'druhepatrovpravo-6', 6, 6, 2);
INSERT INTO public.stul (idstul, nazev, avaiablequantity, quantitysum, idtypmista) VALUES (115, 'druhepatrovpravo-7', 6, 6, 2);
INSERT INTO public.stul (idstul, nazev, avaiablequantity, quantitysum, idtypmista) VALUES (116, 'druhepatrovpravo-8', 6, 6, 2);
INSERT INTO public.stul (idstul, nazev, avaiablequantity, quantitysum, idtypmista) VALUES (117, 'druhepatrovpravo-9', 6, 6, 2);
INSERT INTO public.stul (idstul, nazev, avaiablequantity, quantitysum, idtypmista) VALUES (118, 'druhepatrovpravo-10', 6, 6, 2);
INSERT INTO public.stul (idstul, nazev, avaiablequantity, quantitysum, idtypmista) VALUES (119, 'druhepatrovpravo-11', 6, 6, 2);
INSERT INTO public.stul (idstul, nazev, avaiablequantity, quantitysum, idtypmista) VALUES (120, 'druhepatrovpravo-12', 6, 6, 2);
INSERT INTO public.stul (idstul, nazev, avaiablequantity, quantitysum, idtypmista) VALUES (121, 'druhepatrovpravo-13', 6, 6, 3);
INSERT INTO public.stul (idstul, nazev, avaiablequantity, quantitysum, idtypmista) VALUES (122, 'druhepatrovpravo-14', 6, 6, 3);
INSERT INTO public.stul (idstul, nazev, avaiablequantity, quantitysum, idtypmista) VALUES (123, 'druhepatrovpravo-15', 6, 6, 3);
INSERT INTO public.stul (idstul, nazev, avaiablequantity, quantitysum, idtypmista) VALUES (124, 'druhepatrovpravo-16', 6, 6, 3);
INSERT INTO public.stul (idstul, nazev, avaiablequantity, quantitysum, idtypmista) VALUES (125, 'druhepatrovpravo-17', 6, 6, 3);
INSERT INTO public.stul (idstul, nazev, avaiablequantity, quantitysum, idtypmista) VALUES (126, 'druhepatrovpravo-18', 6, 6, 3);
INSERT INTO public.stul (idstul, nazev, avaiablequantity, quantitysum, idtypmista) VALUES (127, 'druhepatrovpravo-19', 6, 6, 3);
INSERT INTO public.stul (idstul, nazev, avaiablequantity, quantitysum, idtypmista) VALUES (128, 'druhepatrovpravo-20', 6, 6, 3);
INSERT INTO public.stul (idstul, nazev, avaiablequantity, quantitysum, idtypmista) VALUES (129, 'druhepatrovpravo-21', 6, 6, 3);
INSERT INTO public.stul (idstul, nazev, avaiablequantity, quantitysum, idtypmista) VALUES (130, 'druhepatrovpravo-22', 6, 6, 3);
INSERT INTO public.stul (idstul, nazev, avaiablequantity, quantitysum, idtypmista) VALUES (131, 'druhepatrovpravo-23', 6, 6, 3);
INSERT INTO public.stul (idstul, nazev, avaiablequantity, quantitysum, idtypmista) VALUES (132, 'druhepatrovpravo-24', 6, 6, 3);


INSERT INTO public.stul (idstul, nazev, avaiablequantity, quantitysum, idtypmista) VALUES (133, 'druhepatrovlevo-1', 6, 6, 2);
INSERT INTO public.stul (idstul, nazev, avaiablequantity, quantitysum, idtypmista) VALUES (134, 'druhepatrovlevo-2', 6, 6, 2);
INSERT INTO public.stul (idstul, nazev, avaiablequantity, quantitysum, idtypmista) VALUES (135, 'druhepatrovlevo-3', 6, 6, 2);
INSERT INTO public.stul (idstul, nazev, avaiablequantity, quantitysum, idtypmista) VALUES (136, 'druhepatrovlevo-4', 6, 6, 2);
INSERT INTO public.stul (idstul, nazev, avaiablequantity, quantitysum, idtypmista) VALUES (137, 'druhepatrovlevo-5', 6, 6, 2);
INSERT INTO public.stul (idstul, nazev, avaiablequantity, quantitysum, idtypmista) VALUES (138, 'druhepatrovlevo-6', 6, 6, 2);
INSERT INTO public.stul (idstul, nazev, avaiablequantity, quantitysum, idtypmista) VALUES (139, 'druhepatrovlevo-7', 6, 6, 2);
INSERT INTO public.stul (idstul, nazev, avaiablequantity, quantitysum, idtypmista) VALUES (140, 'druhepatrovlevo-8', 6, 6, 2);
INSERT INTO public.stul (idstul, nazev, avaiablequantity, quantitysum, idtypmista) VALUES (141, 'druhepatrovlevo-9', 6, 6, 2);
INSERT INTO public.stul (idstul, nazev, avaiablequantity, quantitysum, idtypmista) VALUES (142, 'druhepatrovlevo-10', 6, 6, 2);
INSERT INTO public.stul (idstul, nazev, avaiablequantity, quantitysum, idtypmista) VALUES (143, 'druhepatrovlevo-11', 6, 6, 2);
INSERT INTO public.stul (idstul, nazev, avaiablequantity, quantitysum, idtypmista) VALUES (144, 'druhepatrovlevo-12', 6, 6, 3);
INSERT INTO public.stul (idstul, nazev, avaiablequantity, quantitysum, idtypmista) VALUES (145, 'druhepatrovlevo-13', 6, 6, 3);
INSERT INTO public.stul (idstul, nazev, avaiablequantity, quantitysum, idtypmista) VALUES (146, 'druhepatrovlevo-14', 6, 6, 3);
INSERT INTO public.stul (idstul, nazev, avaiablequantity, quantitysum, idtypmista) VALUES (147, 'druhepatrovlevo-15', 6, 6, 3);
INSERT INTO public.stul (idstul, nazev, avaiablequantity, quantitysum, idtypmista) VALUES (148, 'druhepatrovlevo-16', 6, 6, 3);
INSERT INTO public.stul (idstul, nazev, avaiablequantity, quantitysum, idtypmista) VALUES (149, 'druhepatrovlevo-17', 6, 6, 3);
INSERT INTO public.stul (idstul, nazev, avaiablequantity, quantitysum, idtypmista) VALUES (150, 'druhepatrovlevo-18', 6, 6, 3);
INSERT INTO public.stul (idstul, nazev, avaiablequantity, quantitysum, idtypmista) VALUES (151, 'druhepatrovlevo-19', 6, 6, 3);
INSERT INTO public.stul (idstul, nazev, avaiablequantity, quantitysum, idtypmista) VALUES (152, 'druhepatrovlevo-20', 6, 6, 3);
INSERT INTO public.stul (idstul, nazev, avaiablequantity, quantitysum, idtypmista) VALUES (153, 'druhepatrovlevo-21', 6, 6, 3);
INSERT INTO public.stul (idstul, nazev, avaiablequantity, quantitysum, idtypmista) VALUES (154, 'druhepatrovlevo-22', 6, 6, 3);

INSERT INTO public.stul (idstul, nazev, avaiablequantity, quantitysum, idtypmista) VALUES (155, 'druhepatrovzadu-27', 6, 6, 2);
INSERT INTO public.stul (idstul, nazev, avaiablequantity, quantitysum, idtypmista) VALUES (155, 'druhepatrovzadu-28', 6, 6, 2);
INSERT INTO public.stul (idstul, nazev, avaiablequantity, quantitysum, idtypmista) VALUES (155, 'druhepatrovzadu-29', 6, 6, 2);
INSERT INTO public.stul (idstul, nazev, avaiablequantity, quantitysum, idtypmista) VALUES (155, 'druhepatrovzadu-30', 6, 6, 2);
INSERT INTO public.stul (idstul, nazev, avaiablequantity, quantitysum, idtypmista) VALUES (155, 'druhepatrovzadu-31', 6, 6, 2);

INSERT INTO public.stul (idstul, nazev, avaiablequantity, quantitysum, idtypmista) VALUES (156, 'prizemiloze-2', 6, 6, 4);

INSERT INTO public.stul (idstul, nazev, avaiablequantity, quantitysum, idtypmista) VALUES (157, 'prvnipatroloze-1', 10, 10, 4);
INSERT INTO public.stul (idstul, nazev, avaiablequantity, quantitysum, idtypmista) VALUES (158, 'prvnipatroloze-2', 10, 10, 4);
INSERT INTO public.stul (idstul, nazev, avaiablequantity, quantitysum, idtypmista) VALUES (159, 'prvnipatroloze-3', 10, 10, 4);
INSERT INTO public.stul (idstul, nazev, avaiablequantity, quantitysum, idtypmista) VALUES (160, 'prvnipatroloze-4', 6, 6, 4);
INSERT INTO public.stul (idstul, nazev, avaiablequantity, quantitysum, idtypmista) VALUES (161, 'prvnipatroloze-5', 6, 6, 4);
INSERT INTO public.stul (idstul, nazev, avaiablequantity, quantitysum, idtypmista) VALUES (162, 'prvnipatroloze-6', 6, 6, 4);
INSERT INTO public.stul (idstul, nazev, avaiablequantity, quantitysum, idtypmista) VALUES (163, 'prvnipatroloze-7', 6, 6, 4);
INSERT INTO public.stul (idstul, nazev, avaiablequantity, quantitysum, idtypmista) VALUES (164, 'prvnipatroloze-8', 12, 12, 4);
INSERT INTO public.stul (idstul, nazev, avaiablequantity, quantitysum, idtypmista) VALUES (165, 'prvnipatroloze-9', 6, 6, 4);
INSERT INTO public.stul (idstul, nazev, avaiablequantity, quantitysum, idtypmista) VALUES (166, 'prvnipatroloze-10', 6, 6, 4);
INSERT INTO public.stul (idstul, nazev, avaiablequantity, quantitysum, idtypmista) VALUES (167, 'prvnipatroloze-11', 10, 10, 4);
INSERT INTO public.stul (idstul, nazev, avaiablequantity, quantitysum, idtypmista) VALUES (168, 'prvnipatroloze-12', 6, 6, 4);
INSERT INTO public.stul (idstul, nazev, avaiablequantity, quantitysum, idtypmista) VALUES (169, 'prvnipatroloze-13', 6, 6, 4);
INSERT INTO public.stul (idstul, nazev, avaiablequantity, quantitysum, idtypmista) VALUES (170, 'prvnipatroloze-14', 10, 10, 4);

INSERT INTO public.stul (idstul, nazev, avaiablequantity, quantitysum, idtypmista) VALUES (171, 'druhepatroloze-4', 6, 6, 4);

INSERT INTO public.stul (idstul, nazev, avaiablequantity, quantitysum, idtypmista) VALUES (172, 'stani', 1000, 1000, 1);



INSERT INTO public.misto (idmisto, poradi, idstul, status) VALUES (1, '1', 1, 'A');
INSERT INTO public.misto (idmisto, poradi, idstul, status) VALUES (2, '2', 1, 'A');
INSERT INTO public.misto (idmisto, poradi, idstul, status) VALUES (3, '3', 1, 'A');
INSERT INTO public.misto (idmisto, poradi, idstul, status) VALUES (4, '4', 1, 'A');
INSERT INTO public.misto (idmisto, poradi, idstul, status) VALUES (5, '1', 2, 'A');


INSERT INTO public.zakaznik (idzakaznik, jmeno, prijmeni, mail, status, caspotvrzeni) VALUES (1, null, null, 'adam.ruzicka@email.cz', 'V', null);



