COPY public.typmista (idtypmista, typmista, cena) FROM stdin;
1	S	300
4	L	700
2	V	600
3	B	500
\.

INSERT INTO public.stul (idstul, nazev, avaiablequantity, quantitysum, idtypmista) VALUES (1,'vpravoprizemi-1', 4,  4 ,  2);
INSERT INTO public.stul (idstul, nazev, avaiablequantity, quantitysum, idtypmista) VALUES (2,'vpravoprizemi-2', 6,  6 ,  2);
INSERT INTO public.stul (idstul, nazev, avaiablequantity, quantitysum, idtypmista) VALUES (3,'vpravoprizemi-3', 6,  6 ,  2);
INSERT INTO public.stul (idstul, nazev, avaiablequantity, quantitysum, idtypmista) VALUES (4,'vpravoprizemi-4', 6,  6 ,  2);
INSERT INTO public.stul (idstul, nazev, avaiablequantity, quantitysum, idtypmista) VALUES (5,'vpravoprizemi-5', 6,  6 ,  2);
INSERT INTO public.stul (idstul, nazev, avaiablequantity, quantitysum, idtypmista) VALUES (6,'vpravoprizemi-6', 4,  4 ,  2);
INSERT INTO public.stul (idstul, nazev, avaiablequantity, quantitysum, idtypmista) VALUES (7,'vpravoprizemi-7', 4,  4 ,  2);
INSERT INTO public.stul (idstul, nazev, avaiablequantity, quantitysum, idtypmista) VALUES (8,'vpravoprizemi-8', 6,  6 ,  2);
INSERT INTO public.stul (idstul, nazev, avaiablequantity, quantitysum, idtypmista) VALUES (9,'vpravoprizemi-9', 6,  6 ,  2);
INSERT INTO public.stul (idstul, nazev, avaiablequantity, quantitysum, idtypmista) VALUES (10,'vpravoprizemi-10', 6,  6 ,  2);
INSERT INTO public.stul (idstul, nazev, avaiablequantity, quantitysum, idtypmista) VALUES (11,'vpravoprizemi-11', 6,  6 ,  2);
INSERT INTO public.stul (idstul, nazev, avaiablequantity, quantitysum, idtypmista) VALUES (12,'vpravoprizemi-12', 6,  6 ,  2);
INSERT INTO public.stul (idstul, nazev, avaiablequantity, quantitysum, idtypmista) VALUES (13,'vpravoprizemi-13', 6,  6 ,  2);
INSERT INTO public.stul (idstul, nazev, avaiablequantity, quantitysum, idtypmista) VALUES (14,'vpravoprizemi-14', 6,  6 ,  3);
INSERT INTO public.stul (idstul, nazev, avaiablequantity, quantitysum, idtypmista) VALUES (15,'vpravoprizemi-15', 6,  6 ,  3);
INSERT INTO public.stul (idstul, nazev, avaiablequantity, quantitysum, idtypmista) VALUES (16,'vpravoprizemi-16', 6,  6 ,  3);
INSERT INTO public.stul (idstul, nazev, avaiablequantity, quantitysum, idtypmista) VALUES (17,'vpravoprizemi-17', 6,  6 ,  3);
INSERT INTO public.stul (idstul, nazev, avaiablequantity, quantitysum, idtypmista) VALUES (18,'vpravoprizemi-18', 6,  6 ,  3);
INSERT INTO public.stul (idstul, nazev, avaiablequantity, quantitysum, idtypmista) VALUES (19,'vpravoprizemi-19', 6,  6 ,  3);
INSERT INTO public.stul (idstul, nazev, avaiablequantity, quantitysum, idtypmista) VALUES (20,'vpravoprizemi-20', 6,  6 ,  3);
INSERT INTO public.stul (idstul, nazev, avaiablequantity, quantitysum, idtypmista) VALUES (21,'vpravoprizemi-21', 6,  6 ,  3);
INSERT INTO public.stul (idstul, nazev, avaiablequantity, quantitysum, idtypmista) VALUES (22,'vpravoprizemi-22', 6,  6 ,  3);
INSERT INTO public.stul (idstul, nazev, avaiablequantity, quantitysum, idtypmista) VALUES (23,'vpravoprizemi-23', 6,  6 ,  3);
INSERT INTO public.stul (idstul, nazev, avaiablequantity, quantitysum, idtypmista) VALUES (24,'vpravoprizemi-24', 6,  6 ,  3);
INSERT INTO public.stul (idstul, nazev, avaiablequantity, quantitysum, idtypmista) VALUES (25,'vpravoprizemi-25', 6,  6 ,  3);

INSERT INTO public.stul (idstul, nazev, avaiablequantity, quantitysum, idtypmista) VALUES (26, 'vlevoprizemi-1', 6, 6, 2);
INSERT INTO public.stul (idstul, nazev, avaiablequantity, quantitysum, idtypmista) VALUES (27, 'vlevoprizemi-2', 6, 6, 2);
INSERT INTO public.stul (idstul, nazev, avaiablequantity, quantitysum, idtypmista) VALUES (28, 'vlevoprizemi-3', 6, 6, 2);
INSERT INTO public.stul (idstul, nazev, avaiablequantity, quantitysum, idtypmista) VALUES (29, 'vlevoprizemi-4', 6, 6, 2);
INSERT INTO public.stul (idstul, nazev, avaiablequantity, quantitysum, idtypmista) VALUES (30, 'vlevoprizemi-5', 6, 6, 2);
INSERT INTO public.stul (idstul, nazev, avaiablequantity, quantitysum, idtypmista) VALUES (31, 'vlevoprizemi-6', 4, 4, 2);
INSERT INTO public.stul (idstul, nazev, avaiablequantity, quantitysum, idtypmista) VALUES (32, 'vlevoprizemi-7', 4, 4, 2);
INSERT INTO public.stul (idstul, nazev, avaiablequantity, quantitysum, idtypmista) VALUES (33, 'vlevoprizemi-8', 6, 6, 2);
INSERT INTO public.stul (idstul, nazev, avaiablequantity, quantitysum, idtypmista) VALUES (34, 'vlevoprizemi-9', 6, 6, 2);
INSERT INTO public.stul (idstul, nazev, avaiablequantity, quantitysum, idtypmista) VALUES (35, 'vlevoprizemi-10', 6, 6,2);
INSERT INTO public.stul (idstul, nazev, avaiablequantity, quantitysum, idtypmista) VALUES (36, 'vlevoprizemi-11', 6, 6,2);
INSERT INTO public.stul (idstul, nazev, avaiablequantity, quantitysum, idtypmista) VALUES (37, 'vlevoprizemi-12', 6, 6,2);
INSERT INTO public.stul (idstul, nazev, avaiablequantity, quantitysum, idtypmista) VALUES (38, 'vlevoprizemi-13', 6, 6,2);
INSERT INTO public.stul (idstul, nazev, avaiablequantity, quantitysum, idtypmista) VALUES (39, 'vlevoprizemi-14', 6, 6, 2);
INSERT INTO public.stul (idstul, nazev, avaiablequantity, quantitysum, idtypmista) VALUES (40, 'vlevoprizemi-15', 6, 6, 2);
INSERT INTO public.stul (idstul, nazev, avaiablequantity, quantitysum, idtypmista) VALUES (41, 'vlevoprizemi-16', 6, 6, 3);
INSERT INTO public.stul (idstul, nazev, avaiablequantity, quantitysum, idtypmista) VALUES (42, 'vlevoprizemi-17', 6, 6, 3);
INSERT INTO public.stul (idstul, nazev, avaiablequantity, quantitysum, idtypmista) VALUES (43, 'vlevoprizemi-18', 6, 6, 3);
INSERT INTO public.stul (idstul, nazev, avaiablequantity, quantitysum, idtypmista) VALUES (44, 'vlevoprizemi-19', 6, 6, 3);
INSERT INTO public.stul (idstul, nazev, avaiablequantity, quantitysum, idtypmista) VALUES (45, 'vlevoprizemi-20', 6, 6, 3);
INSERT INTO public.stul (idstul, nazev, avaiablequantity, quantitysum, idtypmista) VALUES (46, 'vlevoprizemi-21', 6, 6, 3);
INSERT INTO public.stul (idstul, nazev, avaiablequantity, quantitysum, idtypmista) VALUES (47, 'vlevoprizemi-22', 6, 6, 3);
INSERT INTO public.stul (idstul, nazev, avaiablequantity, quantitysum, idtypmista) VALUES (48, 'vlevoprizemi-23', 6, 6, 3);
INSERT INTO public.stul (idstul, nazev, avaiablequantity, quantitysum, idtypmista) VALUES (49, 'vlevoprizemi-24', 6, 6, 3);
INSERT INTO public.stul (idstul, nazev, avaiablequantity, quantitysum, idtypmista) VALUES (50, 'vlevoprizemi-25', 6, 6, 3);
INSERT INTO public.stul (idstul, nazev, avaiablequantity, quantitysum, idtypmista) VALUES (51, 'vlevoprizemi-26', 6, 6, 3);
INSERT INTO public.stul (idstul, nazev, avaiablequantity, quantitysum, idtypmista) VALUES (52, 'vlevoprizemi-27', 6, 6, 3);
INSERT INTO public.stul (idstul, nazev, avaiablequantity, quantitysum, idtypmista) VALUES (53, 'vlevoprizemi-28', 6, 6, 3);
INSERT INTO public.stul (idstul, nazev, avaiablequantity, quantitysum, idtypmista) VALUES (54, 'vlevoprizemi-29', 6, 6, 3);

INSERT INTO public.stul (idstul, nazev, avaiablequantity, quantitysum, idtypmista) VALUES (55, 'prvnipatrovpravo-1', 6, 6, 2);
INSERT INTO public.stul (idstul, nazev, avaiablequantity, quantitysum, idtypmista) VALUES (56, 'prvnipatrovpravo-2', 6, 6, 2);
INSERT INTO public.stul (idstul, nazev, avaiablequantity, quantitysum, idtypmista) VALUES (57, 'prvnipatrovpravo-3', 6, 6, 2);
INSERT INTO public.stul (idstul, nazev, avaiablequantity, quantitysum, idtypmista) VALUES (58, 'prvnipatrovpravo-4', 6, 6, 2);
INSERT INTO public.stul (idstul, nazev, avaiablequantity, quantitysum, idtypmista) VALUES (59, 'prvnipatrovpravo-5', 6, 6, 2);
INSERT INTO public.stul (idstul, nazev, avaiablequantity, quantitysum, idtypmista) VALUES (60, 'prvnipatrovpravo-6', 6, 6, 2);
INSERT INTO public.stul (idstul, nazev, avaiablequantity, quantitysum, idtypmista) VALUES (61, 'prvnipatrovpravo-7', 6, 6, 2);
INSERT INTO public.stul (idstul, nazev, avaiablequantity, quantitysum, idtypmista) VALUES (62, 'prvnipatrovpravo-8', 6, 6, 2);
INSERT INTO public.stul (idstul, nazev, avaiablequantity, quantitysum, idtypmista) VALUES (63, 'prvnipatrovpravo-9', 6, 6, 2);
INSERT INTO public.stul (idstul, nazev, avaiablequantity, quantitysum, idtypmista) VALUES (64, 'prvnipatrovpravo-10', 6, 6, 2);
INSERT INTO public.stul (idstul, nazev, avaiablequantity, quantitysum, idtypmista) VALUES (65, 'prvnipatrovpravo-11', 6, 6, 2);
INSERT INTO public.stul (idstul, nazev, avaiablequantity, quantitysum, idtypmista) VALUES (66, 'prvnipatrovpravo-12', 6, 6, 2);
INSERT INTO public.stul (idstul, nazev, avaiablequantity, quantitysum, idtypmista) VALUES (67, 'prvnipatrovpravo-13', 6, 6, 3);
INSERT INTO public.stul (idstul, nazev, avaiablequantity, quantitysum, idtypmista) VALUES (68, 'prvnipatrovpravo-14', 6, 6, 3);
INSERT INTO public.stul (idstul, nazev, avaiablequantity, quantitysum, idtypmista) VALUES (69, 'prvnipatrovpravo-15', 6, 6, 3);
INSERT INTO public.stul (idstul, nazev, avaiablequantity, quantitysum, idtypmista) VALUES (70, 'prvnipatrovpravo-16', 6, 6, 3);
INSERT INTO public.stul (idstul, nazev, avaiablequantity, quantitysum, idtypmista) VALUES (71, 'prvnipatrovpravo-17', 6, 6, 3);
INSERT INTO public.stul (idstul, nazev, avaiablequantity, quantitysum, idtypmista) VALUES (72, 'prvnipatrovpravo-18', 6, 6, 3);
INSERT INTO public.stul (idstul, nazev, avaiablequantity, quantitysum, idtypmista) VALUES (73, 'prvnipatrovpravo-19', 6, 6, 3);
INSERT INTO public.stul (idstul, nazev, avaiablequantity, quantitysum, idtypmista) VALUES (74, 'prvnipatrovpravo-20', 6, 6, 3);
INSERT INTO public.stul (idstul, nazev, avaiablequantity, quantitysum, idtypmista) VALUES (75, 'prvnipatrovpravo-21', 6, 6, 3);
INSERT INTO public.stul (idstul, nazev, avaiablequantity, quantitysum, idtypmista) VALUES (76, 'prvnipatrovpravo-22', 6, 6, 3);
INSERT INTO public.stul (idstul, nazev, avaiablequantity, quantitysum, idtypmista) VALUES (77, 'prvnipatrovpravo-23', 6, 6, 3);
INSERT INTO public.stul (idstul, nazev, avaiablequantity, quantitysum, idtypmista) VALUES (78, 'prvnipatrovpravo-24', 6, 6, 3);
INSERT INTO public.stul (idstul, nazev, avaiablequantity, quantitysum, idtypmista) VALUES (79, 'prvnipatrovpravo-25', 6, 6, 3);

INSERT INTO public.stul (idstul, nazev, avaiablequantity, quantitysum, idtypmista) VALUES (80, 'prvnipatrovlevo-1', 6, 6, 2);
INSERT INTO public.stul (idstul, nazev, avaiablequantity, quantitysum, idtypmista) VALUES (81, 'prvnipatrovlevo-2', 6, 6, 2);
INSERT INTO public.stul (idstul, nazev, avaiablequantity, quantitysum, idtypmista) VALUES (82, 'prvnipatrovlevo-3', 6, 6, 2);
INSERT INTO public.stul (idstul, nazev, avaiablequantity, quantitysum, idtypmista) VALUES (83, 'prvnipatrovlevo-4', 6, 6, 2);
INSERT INTO public.stul (idstul, nazev, avaiablequantity, quantitysum, idtypmista) VALUES (84, 'prvnipatrovlevo-5', 6, 6, 2);
INSERT INTO public.stul (idstul, nazev, avaiablequantity, quantitysum, idtypmista) VALUES (85, 'prvnipatrovlevo-6', 6, 6, 2);
INSERT INTO public.stul (idstul, nazev, avaiablequantity, quantitysum, idtypmista) VALUES (86, 'prvnipatrovlevo-7', 6, 6, 2);
INSERT INTO public.stul (idstul, nazev, avaiablequantity, quantitysum, idtypmista) VALUES (87, 'prvnipatrovlevo-8', 6, 6, 2);
INSERT INTO public.stul (idstul, nazev, avaiablequantity, quantitysum, idtypmista) VALUES (88, 'prvnipatrovlevo-9', 6, 6, 2);
INSERT INTO public.stul (idstul, nazev, avaiablequantity, quantitysum, idtypmista) VALUES (89, 'prvnipatrovlevo-10', 6, 6, 2);
INSERT INTO public.stul (idstul, nazev, avaiablequantity, quantitysum, idtypmista) VALUES (90, 'prvnipatrovlevo-11', 6, 6, 2);
INSERT INTO public.stul (idstul, nazev, avaiablequantity, quantitysum, idtypmista) VALUES (91, 'prvnipatrovlevo-12', 6, 6, 2);
INSERT INTO public.stul (idstul, nazev, avaiablequantity, quantitysum, idtypmista) VALUES (92, 'prvnipatrovlevo-13', 6, 6, 2);
INSERT INTO public.stul (idstul, nazev, avaiablequantity, quantitysum, idtypmista) VALUES (93, 'prvnipatrovlevo-14', 6, 6, 2);
INSERT INTO public.stul (idstul, nazev, avaiablequantity, quantitysum, idtypmista) VALUES (94, 'prvnipatrovlevo-15', 6, 6, 3);
INSERT INTO public.stul (idstul, nazev, avaiablequantity, quantitysum, idtypmista) VALUES (95, 'prvnipatrovlevo-16', 6, 6, 3);
INSERT INTO public.stul (idstul, nazev, avaiablequantity, quantitysum, idtypmista) VALUES (96, 'prvnipatrovlevo-17', 6, 6, 3);
INSERT INTO public.stul (idstul, nazev, avaiablequantity, quantitysum, idtypmista) VALUES (97, 'prvnipatrovlevo-18', 6, 6, 3);
INSERT INTO public.stul (idstul, nazev, avaiablequantity, quantitysum, idtypmista) VALUES (98, 'prvnipatrovlevo-19', 6, 6, 3);
INSERT INTO public.stul (idstul, nazev, avaiablequantity, quantitysum, idtypmista) VALUES (99, 'prvnipatrovlevo-20', 6, 6, 3);
INSERT INTO public.stul (idstul, nazev, avaiablequantity, quantitysum, idtypmista) VALUES (100, 'prvnipatrovlevo-21', 6, 6, 3);
INSERT INTO public.stul (idstul, nazev, avaiablequantity, quantitysum, idtypmista) VALUES (101, 'prvnipatrovlevo-22', 6, 6, 3);
INSERT INTO public.stul (idstul, nazev, avaiablequantity, quantitysum, idtypmista) VALUES (102, 'prvnipatrovlevo-23', 6, 6, 3);
INSERT INTO public.stul (idstul, nazev, avaiablequantity, quantitysum, idtypmista) VALUES (103, 'prvnipatrovlevo-24', 6, 6, 3);
INSERT INTO public.stul (idstul, nazev, avaiablequantity, quantitysum, idtypmista) VALUES (104, 'prvnipatrovlevo-25', 6, 6, 3);
INSERT INTO public.stul (idstul, nazev, avaiablequantity, quantitysum, idtypmista) VALUES (105, 'prvnipatrovlevo-26', 6, 6, 3);
INSERT INTO public.stul (idstul, nazev, avaiablequantity, quantitysum, idtypmista) VALUES (106, 'prvnipatrovlevo-27', 6, 6, 3);
INSERT INTO public.stul (idstul, nazev, avaiablequantity, quantitysum, idtypmista) VALUES (107, 'prvnipatrovlevo-28', 6, 6, 3);
INSERT INTO public.stul (idstul, nazev, avaiablequantity, quantitysum, idtypmista) VALUES (108, 'prvnipatrovlevo-29', 6, 6, 3);

INSERT INTO public.stul (idstul, nazev, avaiablequantity, quantitysum, idtypmista) VALUES (109, 'druhepatrovpravo-1', 6, 6, 2);
INSERT INTO public.stul (idstul, nazev, avaiablequantity, quantitysum, idtypmista) VALUES (110, 'druhepatrovpravo-2', 6, 6, 2);
INSERT INTO public.stul (idstul, nazev, avaiablequantity, quantitysum, idtypmista) VALUES (111, 'druhepatrovpravo-3', 6, 6, 2);
INSERT INTO public.stul (idstul, nazev, avaiablequantity, quantitysum, idtypmista) VALUES (112, 'druhepatrovpravo-4', 6, 6, 2);
INSERT INTO public.stul (idstul, nazev, avaiablequantity, quantitysum, idtypmista) VALUES (113, 'druhepatrovpravo-5', 6, 6, 2);
INSERT INTO public.stul (idstul, nazev, avaiablequantity, quantitysum, idtypmista) VALUES (114, 'druhepatrovpravo-6', 6, 6, 2);
INSERT INTO public.stul (idstul, nazev, avaiablequantity, quantitysum, idtypmista) VALUES (115, 'druhepatrovpravo-7', 6, 6, 2);
INSERT INTO public.stul (idstul, nazev, avaiablequantity, quantitysum, idtypmista) VALUES (116, 'druhepatrovpravo-8', 6, 6, 2);
INSERT INTO public.stul (idstul, nazev, avaiablequantity, quantitysum, idtypmista) VALUES (117, 'druhepatrovpravo-9', 6, 6, 2);
INSERT INTO public.stul (idstul, nazev, avaiablequantity, quantitysum, idtypmista) VALUES (118, 'druhepatrovpravo-10', 6, 6, 2);
INSERT INTO public.stul (idstul, nazev, avaiablequantity, quantitysum, idtypmista) VALUES (119, 'druhepatrovpravo-11', 6, 6, 2);
INSERT INTO public.stul (idstul, nazev, avaiablequantity, quantitysum, idtypmista) VALUES (120, 'druhepatrovpravo-12', 6, 6, 2);
INSERT INTO public.stul (idstul, nazev, avaiablequantity, quantitysum, idtypmista) VALUES (121, 'druhepatrovpravo-13', 6, 6, 3);
INSERT INTO public.stul (idstul, nazev, avaiablequantity, quantitysum, idtypmista) VALUES (122, 'druhepatrovpravo-14', 6, 6, 3);
INSERT INTO public.stul (idstul, nazev, avaiablequantity, quantitysum, idtypmista) VALUES (123, 'druhepatrovpravo-15', 6, 6, 3);
INSERT INTO public.stul (idstul, nazev, avaiablequantity, quantitysum, idtypmista) VALUES (124, 'druhepatrovpravo-16', 6, 6, 3);
INSERT INTO public.stul (idstul, nazev, avaiablequantity, quantitysum, idtypmista) VALUES (125, 'druhepatrovpravo-17', 6, 6, 3);
INSERT INTO public.stul (idstul, nazev, avaiablequantity, quantitysum, idtypmista) VALUES (126, 'druhepatrovpravo-18', 6, 6, 3);
INSERT INTO public.stul (idstul, nazev, avaiablequantity, quantitysum, idtypmista) VALUES (127, 'druhepatrovpravo-19', 6, 6, 3);
INSERT INTO public.stul (idstul, nazev, avaiablequantity, quantitysum, idtypmista) VALUES (128, 'druhepatrovpravo-20', 6, 6, 3);
INSERT INTO public.stul (idstul, nazev, avaiablequantity, quantitysum, idtypmista) VALUES (129, 'druhepatrovpravo-21', 6, 6, 3);
INSERT INTO public.stul (idstul, nazev, avaiablequantity, quantitysum, idtypmista) VALUES (130, 'druhepatrovpravo-22', 6, 6, 3);
INSERT INTO public.stul (idstul, nazev, avaiablequantity, quantitysum, idtypmista) VALUES (131, 'druhepatrovpravo-23', 6, 6, 3);
INSERT INTO public.stul (idstul, nazev, avaiablequantity, quantitysum, idtypmista) VALUES (132, 'druhepatrovpravo-24', 6, 6, 3);

INSERT INTO public.stul (idstul, nazev, avaiablequantity, quantitysum, idtypmista) VALUES (133, 'druhepatrovlevo-1', 6, 6, 2);
INSERT INTO public.stul (idstul, nazev, avaiablequantity, quantitysum, idtypmista) VALUES (134, 'druhepatrovlevo-2', 6, 6, 2);
INSERT INTO public.stul (idstul, nazev, avaiablequantity, quantitysum, idtypmista) VALUES (135, 'druhepatrovlevo-3', 6, 6, 2);
INSERT INTO public.stul (idstul, nazev, avaiablequantity, quantitysum, idtypmista) VALUES (136, 'druhepatrovlevo-4', 6, 6, 2);
INSERT INTO public.stul (idstul, nazev, avaiablequantity, quantitysum, idtypmista) VALUES (137, 'druhepatrovlevo-5', 6, 6, 2);
INSERT INTO public.stul (idstul, nazev, avaiablequantity, quantitysum, idtypmista) VALUES (138, 'druhepatrovlevo-6', 6, 6, 2);
INSERT INTO public.stul (idstul, nazev, avaiablequantity, quantitysum, idtypmista) VALUES (139, 'druhepatrovlevo-7', 6, 6, 2);
INSERT INTO public.stul (idstul, nazev, avaiablequantity, quantitysum, idtypmista) VALUES (140, 'druhepatrovlevo-8', 6, 6, 2);
INSERT INTO public.stul (idstul, nazev, avaiablequantity, quantitysum, idtypmista) VALUES (141, 'druhepatrovlevo-9', 6, 6, 2);
INSERT INTO public.stul (idstul, nazev, avaiablequantity, quantitysum, idtypmista) VALUES (142, 'druhepatrovlevo-10', 6, 6, 2);
INSERT INTO public.stul (idstul, nazev, avaiablequantity, quantitysum, idtypmista) VALUES (143, 'druhepatrovlevo-11', 6, 6, 2);
INSERT INTO public.stul (idstul, nazev, avaiablequantity, quantitysum, idtypmista) VALUES (144, 'druhepatrovlevo-12', 6, 6, 3);
INSERT INTO public.stul (idstul, nazev, avaiablequantity, quantitysum, idtypmista) VALUES (145, 'druhepatrovlevo-13', 6, 6, 3);
INSERT INTO public.stul (idstul, nazev, avaiablequantity, quantitysum, idtypmista) VALUES (146, 'druhepatrovlevo-14', 6, 6, 3);
INSERT INTO public.stul (idstul, nazev, avaiablequantity, quantitysum, idtypmista) VALUES (147, 'druhepatrovlevo-15', 6, 6, 3);
INSERT INTO public.stul (idstul, nazev, avaiablequantity, quantitysum, idtypmista) VALUES (148, 'druhepatrovlevo-16', 6, 6, 3);
INSERT INTO public.stul (idstul, nazev, avaiablequantity, quantitysum, idtypmista) VALUES (149, 'druhepatrovlevo-17', 6, 6, 3);
INSERT INTO public.stul (idstul, nazev, avaiablequantity, quantitysum, idtypmista) VALUES (150, 'druhepatrovlevo-18', 6, 6, 3);
INSERT INTO public.stul (idstul, nazev, avaiablequantity, quantitysum, idtypmista) VALUES (151, 'druhepatrovlevo-19', 6, 6, 3);
INSERT INTO public.stul (idstul, nazev, avaiablequantity, quantitysum, idtypmista) VALUES (152, 'druhepatrovlevo-20', 6, 6, 3);
INSERT INTO public.stul (idstul, nazev, avaiablequantity, quantitysum, idtypmista) VALUES (153, 'druhepatrovlevo-21', 6, 6, 3);
INSERT INTO public.stul (idstul, nazev, avaiablequantity, quantitysum, idtypmista) VALUES (154, 'druhepatrovlevo-22', 6, 6, 3);

INSERT INTO public.stul (idstul, nazev, avaiablequantity, quantitysum, idtypmista) VALUES (155, 'druhepatrovzadu-27', 6, 6, 2);
INSERT INTO public.stul (idstul, nazev, avaiablequantity, quantitysum, idtypmista) VALUES (173, 'druhepatrovzadu-28', 6, 6, 2);
INSERT INTO public.stul (idstul, nazev, avaiablequantity, quantitysum, idtypmista) VALUES (174, 'druhepatrovzadu-29', 6, 6, 2);
INSERT INTO public.stul (idstul, nazev, avaiablequantity, quantitysum, idtypmista) VALUES (175, 'druhepatrovzadu-30', 6, 6, 2);
INSERT INTO public.stul (idstul, nazev, avaiablequantity, quantitysum, idtypmista) VALUES (172, 'druhepatrovzadu-31', 6, 6, 2);

INSERT INTO public.stul (idstul, nazev, avaiablequantity, quantitysum, idtypmista) VALUES (156, 'prizemiloze-2', 6, 6, 4);

INSERT INTO public.stul (idstul, nazev, avaiablequantity, quantitysum, idtypmista) VALUES (157, 'prvnipatroloze-1', 10, 10, 4);
INSERT INTO public.stul (idstul, nazev, avaiablequantity, quantitysum, idtypmista) VALUES (158, 'prvnipatroloze-2', 10, 10, 4);
INSERT INTO public.stul (idstul, nazev, avaiablequantity, quantitysum, idtypmista) VALUES (159, 'prvnipatroloze-3', 10, 10, 4);
INSERT INTO public.stul (idstul, nazev, avaiablequantity, quantitysum, idtypmista) VALUES (160, 'prvnipatroloze-4', 6, 6, 4);
INSERT INTO public.stul (idstul, nazev, avaiablequantity, quantitysum, idtypmista) VALUES (161, 'prvnipatroloze-5', 6, 6, 4);
INSERT INTO public.stul (idstul, nazev, avaiablequantity, quantitysum, idtypmista) VALUES (162, 'prvnipatroloze-6', 6, 6, 4);
INSERT INTO public.stul (idstul, nazev, avaiablequantity, quantitysum, idtypmista) VALUES (163, 'prvnipatroloze-7', 6, 6, 4);
INSERT INTO public.stul (idstul, nazev, avaiablequantity, quantitysum, idtypmista) VALUES (164, 'prvnipatroloze-8', 12, 12, 4);
INSERT INTO public.stul (idstul, nazev, avaiablequantity, quantitysum, idtypmista) VALUES (165, 'prvnipatroloze-9', 6, 6, 4);
INSERT INTO public.stul (idstul, nazev, avaiablequantity, quantitysum, idtypmista) VALUES (166, 'prvnipatroloze-10', 6, 6, 4);
INSERT INTO public.stul (idstul, nazev, avaiablequantity, quantitysum, idtypmista) VALUES (167, 'prvnipatroloze-11', 10, 10, 4);
INSERT INTO public.stul (idstul, nazev, avaiablequantity, quantitysum, idtypmista) VALUES (168, 'prvnipatroloze-12', 6, 6, 4);
INSERT INTO public.stul (idstul, nazev, avaiablequantity, quantitysum, idtypmista) VALUES (169, 'prvnipatroloze-13', 6, 6, 4);
INSERT INTO public.stul (idstul, nazev, avaiablequantity, quantitysum, idtypmista) VALUES (170, 'prvnipatroloze-14', 10, 10, 4);

INSERT INTO public.stul (idstul, nazev, avaiablequantity, quantitysum, idtypmista) VALUES (171, 'druhepatroloze-4', 6, 6, 4);

INSERT INTO public.stul (idstul, nazev, avaiablequantity, quantitysum, idtypmista) VALUES (555, 'stani', 1000, 1000, 1);


INSERT INTO public.misto (idmisto, poradi, idstul, status) VALUES (1, '1', 1, 'A');
INSERT INTO public.misto (idmisto, poradi, idstul, status) VALUES (2, '2', 1, 'A');
INSERT INTO public.misto (idmisto, poradi, idstul, status) VALUES (3, '3', 1, 'A');
INSERT INTO public.misto (idmisto, poradi, idstul, status) VALUES (4, '4', 1, 'A');
INSERT INTO public.misto (idmisto, poradi, idstul, status) VALUES (5, '5', 2, 'A');
INSERT INTO public.misto (idmisto, poradi, idstul, status) VALUES (6, '6', 2, 'A');
INSERT INTO public.misto (idmisto, poradi, idstul, status) VALUES (7, '7', 2, 'A');
INSERT INTO public.misto (idmisto, poradi, idstul, status) VALUES (8, '8', 2, 'A');
INSERT INTO public.misto (idmisto, poradi, idstul, status) VALUES (9, '9', 2, 'A');
INSERT INTO public.misto (idmisto, poradi, idstul, status) VALUES (10, '10', 2, 'A');
INSERT INTO public.misto (idmisto, poradi, idstul, status) VALUES (11, '11', 3, 'A');
INSERT INTO public.misto (idmisto, poradi, idstul, status) VALUES (12, '12', 3, 'A');
INSERT INTO public.misto (idmisto, poradi, idstul, status) VALUES (13, '13', 3, 'A');
INSERT INTO public.misto (idmisto, poradi, idstul, status) VALUES (14, '14', 3, 'A');
INSERT INTO public.misto (idmisto, poradi, idstul, status) VALUES (15, '15', 3, 'A');
INSERT INTO public.misto (idmisto, poradi, idstul, status) VALUES (16, '16', 3, 'A');
INSERT INTO public.misto (idmisto, poradi, idstul, status) VALUES (17, '17', 4, 'A');
INSERT INTO public.misto (idmisto, poradi, idstul, status) VALUES (18, '18', 4, 'A');
INSERT INTO public.misto (idmisto, poradi, idstul, status) VALUES (19, '19', 4, 'A');
INSERT INTO public.misto (idmisto, poradi, idstul, status) VALUES (20, '20', 4, 'A');
INSERT INTO public.misto (idmisto, poradi, idstul, status) VALUES (21, '21', 4, 'A');
INSERT INTO public.misto (idmisto, poradi, idstul, status) VALUES (22, '22', 4, 'A');
INSERT INTO public.misto (idmisto, poradi, idstul, status) VALUES (23, '23', 5, 'A');
INSERT INTO public.misto (idmisto, poradi, idstul, status) VALUES (24, '24', 5, 'A');
INSERT INTO public.misto (idmisto, poradi, idstul, status) VALUES (25, '25', 5, 'A');
INSERT INTO public.misto (idmisto, poradi, idstul, status) VALUES (26, '26', 5, 'A');
INSERT INTO public.misto (idmisto, poradi, idstul, status) VALUES (27, '27', 5, 'A');
INSERT INTO public.misto (idmisto, poradi, idstul, status) VALUES (28, '28', 5, 'A');
INSERT INTO public.misto (idmisto, poradi, idstul, status) VALUES (29, '29', 6, 'A');
INSERT INTO public.misto (idmisto, poradi, idstul, status) VALUES (30, '30', 6, 'A');
INSERT INTO public.misto (idmisto, poradi, idstul, status) VALUES (31, '31', 6, 'A');
INSERT INTO public.misto (idmisto, poradi, idstul, status) VALUES (32, '32', 6, 'A');
INSERT INTO public.misto (idmisto, poradi, idstul, status) VALUES (33, '33', 7, 'A');
INSERT INTO public.misto (idmisto, poradi, idstul, status) VALUES (34, '34', 7, 'A');
INSERT INTO public.misto (idmisto, poradi, idstul, status) VALUES (35, '35', 7, 'A');
INSERT INTO public.misto (idmisto, poradi, idstul, status) VALUES (36, '36', 7, 'A');
INSERT INTO public.misto (idmisto, poradi, idstul, status) VALUES (37, '37', 8, 'A');
INSERT INTO public.misto (idmisto, poradi, idstul, status) VALUES (38, '38', 8, 'A');
INSERT INTO public.misto (idmisto, poradi, idstul, status) VALUES (39, '39', 8, 'A');
INSERT INTO public.misto (idmisto, poradi, idstul, status) VALUES (40, '40', 8, 'A');
INSERT INTO public.misto (idmisto, poradi, idstul, status) VALUES (41, '41', 8, 'A');
INSERT INTO public.misto (idmisto, poradi, idstul, status) VALUES (42, '42', 8, 'A');
INSERT INTO public.misto (idmisto, poradi, idstul, status) VALUES (43, '43', 9, 'A');
INSERT INTO public.misto (idmisto, poradi, idstul, status) VALUES (44, '44', 9, 'A');
INSERT INTO public.misto (idmisto, poradi, idstul, status) VALUES (45, '45', 9, 'A');
INSERT INTO public.misto (idmisto, poradi, idstul, status) VALUES (46, '46', 9, 'A');
INSERT INTO public.misto (idmisto, poradi, idstul, status) VALUES (47, '47', 9, 'A');
INSERT INTO public.misto (idmisto, poradi, idstul, status) VALUES (48, '48', 9, 'A');
INSERT INTO public.misto (idmisto, poradi, idstul, status) VALUES (49, '49', 10, 'A');
INSERT INTO public.misto (idmisto, poradi, idstul, status) VALUES (50, '50', 10, 'A');
INSERT INTO public.misto (idmisto, poradi, idstul, status) VALUES (51, '51', 10, 'A');
INSERT INTO public.misto (idmisto, poradi, idstul, status) VALUES (52, '52', 10, 'A');
INSERT INTO public.misto (idmisto, poradi, idstul, status) VALUES (53, '53', 10, 'A');
INSERT INTO public.misto (idmisto, poradi, idstul, status) VALUES (54, '54', 10, 'A');
INSERT INTO public.misto (idmisto, poradi, idstul, status) VALUES (55, '55', 11, 'A');
INSERT INTO public.misto (idmisto, poradi, idstul, status) VALUES (56, '56', 11, 'A');
INSERT INTO public.misto (idmisto, poradi, idstul, status) VALUES (57, '57', 11, 'A');
INSERT INTO public.misto (idmisto, poradi, idstul, status) VALUES (58, '58', 11, 'A');
INSERT INTO public.misto (idmisto, poradi, idstul, status) VALUES (59, '59', 11, 'A');
INSERT INTO public.misto (idmisto, poradi, idstul, status) VALUES (60, '60', 11, 'A');
INSERT INTO public.misto (idmisto, poradi, idstul, status) VALUES (61, '61', 12, 'A');
INSERT INTO public.misto (idmisto, poradi, idstul, status) VALUES (62, '62', 12, 'A');
INSERT INTO public.misto (idmisto, poradi, idstul, status) VALUES (63, '63', 12, 'A');
INSERT INTO public.misto (idmisto, poradi, idstul, status) VALUES (64, '64', 12, 'A');
INSERT INTO public.misto (idmisto, poradi, idstul, status) VALUES (65, '65', 12, 'A');
INSERT INTO public.misto (idmisto, poradi, idstul, status) VALUES (66, '66', 12, 'A');
INSERT INTO public.misto (idmisto, poradi, idstul, status) VALUES (67, '67', 13, 'A');
INSERT INTO public.misto (idmisto, poradi, idstul, status) VALUES (68, '68', 13, 'A');
INSERT INTO public.misto (idmisto, poradi, idstul, status) VALUES (69, '69', 13, 'A');
INSERT INTO public.misto (idmisto, poradi, idstul, status) VALUES (70, '70', 13, 'A');
INSERT INTO public.misto (idmisto, poradi, idstul, status) VALUES (71, '71', 13, 'A');
INSERT INTO public.misto (idmisto, poradi, idstul, status) VALUES (72, '72', 13, 'A');
INSERT INTO public.misto (idmisto, poradi, idstul, status) VALUES (73, '73', 14, 'A');
INSERT INTO public.misto (idmisto, poradi, idstul, status) VALUES (74, '74', 14, 'A');
INSERT INTO public.misto (idmisto, poradi, idstul, status) VALUES (75, '75', 14, 'A');
INSERT INTO public.misto (idmisto, poradi, idstul, status) VALUES (76, '76', 14, 'A');
INSERT INTO public.misto (idmisto, poradi, idstul, status) VALUES (77, '77', 14, 'A');
INSERT INTO public.misto (idmisto, poradi, idstul, status) VALUES (78, '78', 14, 'A');
INSERT INTO public.misto (idmisto, poradi, idstul, status) VALUES (79, '79', 15, 'A');
INSERT INTO public.misto (idmisto, poradi, idstul, status) VALUES (80, '80', 15, 'A');
INSERT INTO public.misto (idmisto, poradi, idstul, status) VALUES (81, '81', 15, 'A');
INSERT INTO public.misto (idmisto, poradi, idstul, status) VALUES (82, '82', 15, 'A');
INSERT INTO public.misto (idmisto, poradi, idstul, status) VALUES (83, '83', 15, 'A');
INSERT INTO public.misto (idmisto, poradi, idstul, status) VALUES (84, '84', 15, 'A');
INSERT INTO public.misto (idmisto, poradi, idstul, status) VALUES (85, '85', 16, 'A');
INSERT INTO public.misto (idmisto, poradi, idstul, status) VALUES (86, '86', 16, 'A');
INSERT INTO public.misto (idmisto, poradi, idstul, status) VALUES (87, '87', 16, 'A');
INSERT INTO public.misto (idmisto, poradi, idstul, status) VALUES (88, '88', 16, 'A');
INSERT INTO public.misto (idmisto, poradi, idstul, status) VALUES (89, '89', 16, 'A');
INSERT INTO public.misto (idmisto, poradi, idstul, status) VALUES (90, '90', 16, 'A');
INSERT INTO public.misto (idmisto, poradi, idstul, status) VALUES (91, '91', 17, 'A');
INSERT INTO public.misto (idmisto, poradi, idstul, status) VALUES (92, '92', 17, 'A');
INSERT INTO public.misto (idmisto, poradi, idstul, status) VALUES (93, '93', 17, 'A');
INSERT INTO public.misto (idmisto, poradi, idstul, status) VALUES (94, '94', 17, 'A');
INSERT INTO public.misto (idmisto, poradi, idstul, status) VALUES (95, '95', 17, 'A');
INSERT INTO public.misto (idmisto, poradi, idstul, status) VALUES (96, '96', 17, 'A');
INSERT INTO public.misto (idmisto, poradi, idstul, status) VALUES (97, '97', 18, 'A');
INSERT INTO public.misto (idmisto, poradi, idstul, status) VALUES (98, '98', 18, 'A');
INSERT INTO public.misto (idmisto, poradi, idstul, status) VALUES (99, '99', 18, 'A');
INSERT INTO public.misto (idmisto, poradi, idstul, status) VALUES (100, '100', 18, 'A');
INSERT INTO public.misto (idmisto, poradi, idstul, status) VALUES (101, '101', 18, 'A');
INSERT INTO public.misto (idmisto, poradi, idstul, status) VALUES (102, '102', 18, 'A');
INSERT INTO public.misto (idmisto, poradi, idstul, status) VALUES (103, '103', 19, 'A');
INSERT INTO public.misto (idmisto, poradi, idstul, status) VALUES (104, '104', 19, 'A');
INSERT INTO public.misto (idmisto, poradi, idstul, status) VALUES (105, '105', 19, 'A');
INSERT INTO public.misto (idmisto, poradi, idstul, status) VALUES (106, '106', 19, 'A');
INSERT INTO public.misto (idmisto, poradi, idstul, status) VALUES (107, '107', 19, 'A');
INSERT INTO public.misto (idmisto, poradi, idstul, status) VALUES (108, '108', 19, 'A');
INSERT INTO public.misto (idmisto, poradi, idstul, status) VALUES (109, '109', 20, 'A');
INSERT INTO public.misto (idmisto, poradi, idstul, status) VALUES (110, '110', 20, 'A');
INSERT INTO public.misto (idmisto, poradi, idstul, status) VALUES (111, '111', 20, 'A');
INSERT INTO public.misto (idmisto, poradi, idstul, status) VALUES (112, '112', 20, 'A');
INSERT INTO public.misto (idmisto, poradi, idstul, status) VALUES (113, '113', 20, 'A');
INSERT INTO public.misto (idmisto, poradi, idstul, status) VALUES (114, '114', 20, 'A');
INSERT INTO public.misto (idmisto, poradi, idstul, status) VALUES (115, '115', 21, 'A');
INSERT INTO public.misto (idmisto, poradi, idstul, status) VALUES (116, '116', 21, 'A');
INSERT INTO public.misto (idmisto, poradi, idstul, status) VALUES (117, '117', 21, 'A');
INSERT INTO public.misto (idmisto, poradi, idstul, status) VALUES (118, '118', 21, 'A');
INSERT INTO public.misto (idmisto, poradi, idstul, status) VALUES (119, '119', 21, 'A');
INSERT INTO public.misto (idmisto, poradi, idstul, status) VALUES (120, '120', 21, 'A');
INSERT INTO public.misto (idmisto, poradi, idstul, status) VALUES (121, '121', 22, 'A');
INSERT INTO public.misto (idmisto, poradi, idstul, status) VALUES (122, '122', 22, 'A');
INSERT INTO public.misto (idmisto, poradi, idstul, status) VALUES (123, '123', 22, 'A');
INSERT INTO public.misto (idmisto, poradi, idstul, status) VALUES (124, '124', 22, 'A');
INSERT INTO public.misto (idmisto, poradi, idstul, status) VALUES (125, '125', 22, 'A');
INSERT INTO public.misto (idmisto, poradi, idstul, status) VALUES (126, '126', 22, 'A');
INSERT INTO public.misto (idmisto, poradi, idstul, status) VALUES (127, '127', 23, 'A');
INSERT INTO public.misto (idmisto, poradi, idstul, status) VALUES (128, '128', 23, 'A');
INSERT INTO public.misto (idmisto, poradi, idstul, status) VALUES (129, '129', 23, 'A');
INSERT INTO public.misto (idmisto, poradi, idstul, status) VALUES (130, '130', 23, 'A');
INSERT INTO public.misto (idmisto, poradi, idstul, status) VALUES (131, '131', 23, 'A');
INSERT INTO public.misto (idmisto, poradi, idstul, status) VALUES (132, '132', 23, 'A');
INSERT INTO public.misto (idmisto, poradi, idstul, status) VALUES (133, '133', 24, 'A');
INSERT INTO public.misto (idmisto, poradi, idstul, status) VALUES (134, '134', 24, 'A');
INSERT INTO public.misto (idmisto, poradi, idstul, status) VALUES (135, '135', 24, 'A');
INSERT INTO public.misto (idmisto, poradi, idstul, status) VALUES (136, '136', 24, 'A');
INSERT INTO public.misto (idmisto, poradi, idstul, status) VALUES (137, '137', 24, 'A');
INSERT INTO public.misto (idmisto, poradi, idstul, status) VALUES (138, '138', 24, 'A');
INSERT INTO public.misto (idmisto, poradi, idstul, status) VALUES (139, '139', 25, 'A');
INSERT INTO public.misto (idmisto, poradi, idstul, status) VALUES (140, '140', 25, 'A');
INSERT INTO public.misto (idmisto, poradi, idstul, status) VALUES (141, '141', 25, 'A');
INSERT INTO public.misto (idmisto, poradi, idstul, status) VALUES (142, '142', 25, 'A');
INSERT INTO public.misto (idmisto, poradi, idstul, status) VALUES (143, '143', 25, 'A');
INSERT INTO public.misto (idmisto, poradi, idstul, status) VALUES (144, '144', 25, 'A');
INSERT INTO public.misto (idmisto, poradi, idstul, status) VALUES (145, '145', 26, 'A');
INSERT INTO public.misto (idmisto, poradi, idstul, status) VALUES (146, '146', 26, 'A');
INSERT INTO public.misto (idmisto, poradi, idstul, status) VALUES (147, '147', 26, 'A');
INSERT INTO public.misto (idmisto, poradi, idstul, status) VALUES (148, '148', 26, 'A');
INSERT INTO public.misto (idmisto, poradi, idstul, status) VALUES (149, '149', 26, 'A');
INSERT INTO public.misto (idmisto, poradi, idstul, status) VALUES (150, '150', 26, 'A');
INSERT INTO public.misto (idmisto, poradi, idstul, status) VALUES (151, '151', 27, 'A');
INSERT INTO public.misto (idmisto, poradi, idstul, status) VALUES (152, '152', 27, 'A');
INSERT INTO public.misto (idmisto, poradi, idstul, status) VALUES (153, '153', 27, 'A');
INSERT INTO public.misto (idmisto, poradi, idstul, status) VALUES (154, '154', 27, 'A');
INSERT INTO public.misto (idmisto, poradi, idstul, status) VALUES (155, '155', 27, 'A');
INSERT INTO public.misto (idmisto, poradi, idstul, status) VALUES (156, '156', 27, 'A');
INSERT INTO public.misto (idmisto, poradi, idstul, status) VALUES (157, '157', 28, 'A');
INSERT INTO public.misto (idmisto, poradi, idstul, status) VALUES (158, '158', 28, 'A');
INSERT INTO public.misto (idmisto, poradi, idstul, status) VALUES (159, '159', 28, 'A');
INSERT INTO public.misto (idmisto, poradi, idstul, status) VALUES (160, '160', 28, 'A');
INSERT INTO public.misto (idmisto, poradi, idstul, status) VALUES (161, '161', 28, 'A');
INSERT INTO public.misto (idmisto, poradi, idstul, status) VALUES (162, '162', 28, 'A');
INSERT INTO public.misto (idmisto, poradi, idstul, status) VALUES (163, '163', 29, 'A');
INSERT INTO public.misto (idmisto, poradi, idstul, status) VALUES (164, '164', 29, 'A');
INSERT INTO public.misto (idmisto, poradi, idstul, status) VALUES (165, '165', 29, 'A');
INSERT INTO public.misto (idmisto, poradi, idstul, status) VALUES (166, '166', 29, 'A');
INSERT INTO public.misto (idmisto, poradi, idstul, status) VALUES (167, '167', 29, 'A');
INSERT INTO public.misto (idmisto, poradi, idstul, status) VALUES (168, '168', 29, 'A');
INSERT INTO public.misto (idmisto, poradi, idstul, status) VALUES (169, '169', 30, 'A');
INSERT INTO public.misto (idmisto, poradi, idstul, status) VALUES (170, '170', 30, 'A');
INSERT INTO public.misto (idmisto, poradi, idstul, status) VALUES (171, '171', 30, 'A');
INSERT INTO public.misto (idmisto, poradi, idstul, status) VALUES (172, '172', 30, 'A');
INSERT INTO public.misto (idmisto, poradi, idstul, status) VALUES (173, '173', 30, 'A');
INSERT INTO public.misto (idmisto, poradi, idstul, status) VALUES (174, '174', 30, 'A');
INSERT INTO public.misto (idmisto, poradi, idstul, status) VALUES (175, '175', 31, 'A');
INSERT INTO public.misto (idmisto, poradi, idstul, status) VALUES (176, '176', 31, 'A');
INSERT INTO public.misto (idmisto, poradi, idstul, status) VALUES (177, '177', 31, 'A');
INSERT INTO public.misto (idmisto, poradi, idstul, status) VALUES (178, '178', 31, 'A');
INSERT INTO public.misto (idmisto, poradi, idstul, status) VALUES (179, '179', 32, 'A');
INSERT INTO public.misto (idmisto, poradi, idstul, status) VALUES (180, '180', 32, 'A');
INSERT INTO public.misto (idmisto, poradi, idstul, status) VALUES (181, '181', 32, 'A');
INSERT INTO public.misto (idmisto, poradi, idstul, status) VALUES (182, '182', 32, 'A');
INSERT INTO public.misto (idmisto, poradi, idstul, status) VALUES (183, '183', 33, 'A');
INSERT INTO public.misto (idmisto, poradi, idstul, status) VALUES (184, '184', 33, 'A');
INSERT INTO public.misto (idmisto, poradi, idstul, status) VALUES (185, '185', 33, 'A');
INSERT INTO public.misto (idmisto, poradi, idstul, status) VALUES (186, '186', 33, 'A');
INSERT INTO public.misto (idmisto, poradi, idstul, status) VALUES (187, '187', 33, 'A');
INSERT INTO public.misto (idmisto, poradi, idstul, status) VALUES (188, '188', 33, 'A');
INSERT INTO public.misto (idmisto, poradi, idstul, status) VALUES (189, '189', 34, 'A');
INSERT INTO public.misto (idmisto, poradi, idstul, status) VALUES (190, '190', 34, 'A');
INSERT INTO public.misto (idmisto, poradi, idstul, status) VALUES (191, '191', 34, 'A');
INSERT INTO public.misto (idmisto, poradi, idstul, status) VALUES (192, '192', 34, 'A');
INSERT INTO public.misto (idmisto, poradi, idstul, status) VALUES (193, '193', 34, 'A');
INSERT INTO public.misto (idmisto, poradi, idstul, status) VALUES (194, '194', 34, 'A');
INSERT INTO public.misto (idmisto, poradi, idstul, status) VALUES (195, '195', 35, 'A');
INSERT INTO public.misto (idmisto, poradi, idstul, status) VALUES (196, '196', 35, 'A');
INSERT INTO public.misto (idmisto, poradi, idstul, status) VALUES (197, '197', 35, 'A');
INSERT INTO public.misto (idmisto, poradi, idstul, status) VALUES (198, '198', 35, 'A');
INSERT INTO public.misto (idmisto, poradi, idstul, status) VALUES (199, '199', 35, 'A');
INSERT INTO public.misto (idmisto, poradi, idstul, status) VALUES (200, '200', 35, 'A');
INSERT INTO public.misto (idmisto, poradi, idstul, status) VALUES (201, '201', 36, 'A');
INSERT INTO public.misto (idmisto, poradi, idstul, status) VALUES (202, '202', 36, 'A');
INSERT INTO public.misto (idmisto, poradi, idstul, status) VALUES (203, '203', 36, 'A');
INSERT INTO public.misto (idmisto, poradi, idstul, status) VALUES (204, '204', 36, 'A');
INSERT INTO public.misto (idmisto, poradi, idstul, status) VALUES (205, '205', 36, 'A');
INSERT INTO public.misto (idmisto, poradi, idstul, status) VALUES (206, '206', 36, 'A');
INSERT INTO public.misto (idmisto, poradi, idstul, status) VALUES (207, '207', 37, 'A');
INSERT INTO public.misto (idmisto, poradi, idstul, status) VALUES (208, '208', 37, 'A');
INSERT INTO public.misto (idmisto, poradi, idstul, status) VALUES (209, '209', 37, 'A');
INSERT INTO public.misto (idmisto, poradi, idstul, status) VALUES (210, '210', 37, 'A');
INSERT INTO public.misto (idmisto, poradi, idstul, status) VALUES (211, '211', 37, 'A');
INSERT INTO public.misto (idmisto, poradi, idstul, status) VALUES (212, '212', 37, 'A');
INSERT INTO public.misto (idmisto, poradi, idstul, status) VALUES (213, '213', 38, 'A');
INSERT INTO public.misto (idmisto, poradi, idstul, status) VALUES (214, '214', 38, 'A');
INSERT INTO public.misto (idmisto, poradi, idstul, status) VALUES (215, '215', 38, 'A');
INSERT INTO public.misto (idmisto, poradi, idstul, status) VALUES (216, '216', 38, 'A');
INSERT INTO public.misto (idmisto, poradi, idstul, status) VALUES (217, '217', 38, 'A');
INSERT INTO public.misto (idmisto, poradi, idstul, status) VALUES (218, '218', 38, 'A');
INSERT INTO public.misto (idmisto, poradi, idstul, status) VALUES (219, '219', 39, 'A');
INSERT INTO public.misto (idmisto, poradi, idstul, status) VALUES (220, '220', 39, 'A');
INSERT INTO public.misto (idmisto, poradi, idstul, status) VALUES (221, '221', 39, 'A');
INSERT INTO public.misto (idmisto, poradi, idstul, status) VALUES (222, '222', 39, 'A');
INSERT INTO public.misto (idmisto, poradi, idstul, status) VALUES (223, '223', 39, 'A');
INSERT INTO public.misto (idmisto, poradi, idstul, status) VALUES (224, '224', 39, 'A');
INSERT INTO public.misto (idmisto, poradi, idstul, status) VALUES (225, '225', 40, 'A');
INSERT INTO public.misto (idmisto, poradi, idstul, status) VALUES (226, '226', 40, 'A');
INSERT INTO public.misto (idmisto, poradi, idstul, status) VALUES (227, '227', 40, 'A');
INSERT INTO public.misto (idmisto, poradi, idstul, status) VALUES (228, '228', 40, 'A');
INSERT INTO public.misto (idmisto, poradi, idstul, status) VALUES (229, '229', 40, 'A');
INSERT INTO public.misto (idmisto, poradi, idstul, status) VALUES (230, '230', 40, 'A');
INSERT INTO public.misto (idmisto, poradi, idstul, status) VALUES (231, '231', 41, 'A');
INSERT INTO public.misto (idmisto, poradi, idstul, status) VALUES (232, '232', 41, 'A');
INSERT INTO public.misto (idmisto, poradi, idstul, status) VALUES (233, '233', 41, 'A');
INSERT INTO public.misto (idmisto, poradi, idstul, status) VALUES (234, '234', 41, 'A');
INSERT INTO public.misto (idmisto, poradi, idstul, status) VALUES (235, '235', 41, 'A');
INSERT INTO public.misto (idmisto, poradi, idstul, status) VALUES (236, '236', 41, 'A');
INSERT INTO public.misto (idmisto, poradi, idstul, status) VALUES (237, '237', 42, 'A');
INSERT INTO public.misto (idmisto, poradi, idstul, status) VALUES (238, '238', 42, 'A');
INSERT INTO public.misto (idmisto, poradi, idstul, status) VALUES (239, '239', 42, 'A');
INSERT INTO public.misto (idmisto, poradi, idstul, status) VALUES (240, '240', 42, 'A');
INSERT INTO public.misto (idmisto, poradi, idstul, status) VALUES (241, '241', 42, 'A');
INSERT INTO public.misto (idmisto, poradi, idstul, status) VALUES (242, '242', 42, 'A');
INSERT INTO public.misto (idmisto, poradi, idstul, status) VALUES (243, '243', 43, 'A');
INSERT INTO public.misto (idmisto, poradi, idstul, status) VALUES (244, '244', 43, 'A');
INSERT INTO public.misto (idmisto, poradi, idstul, status) VALUES (245, '245', 43, 'A');
INSERT INTO public.misto (idmisto, poradi, idstul, status) VALUES (246, '246', 43, 'A');
INSERT INTO public.misto (idmisto, poradi, idstul, status) VALUES (247, '247', 43, 'A');
INSERT INTO public.misto (idmisto, poradi, idstul, status) VALUES (248, '248', 43, 'A');
INSERT INTO public.misto (idmisto, poradi, idstul, status) VALUES (249, '249', 44, 'A');
INSERT INTO public.misto (idmisto, poradi, idstul, status) VALUES (250, '250', 44, 'A');
INSERT INTO public.misto (idmisto, poradi, idstul, status) VALUES (251, '251', 44, 'A');
INSERT INTO public.misto (idmisto, poradi, idstul, status) VALUES (252, '252', 44, 'A');
INSERT INTO public.misto (idmisto, poradi, idstul, status) VALUES (253, '253', 44, 'A');
INSERT INTO public.misto (idmisto, poradi, idstul, status) VALUES (254, '254', 44, 'A');
INSERT INTO public.misto (idmisto, poradi, idstul, status) VALUES (255, '255', 45, 'A');
INSERT INTO public.misto (idmisto, poradi, idstul, status) VALUES (256, '256', 45, 'A');
INSERT INTO public.misto (idmisto, poradi, idstul, status) VALUES (257, '257', 45, 'A');
INSERT INTO public.misto (idmisto, poradi, idstul, status) VALUES (258, '258', 45, 'A');
INSERT INTO public.misto (idmisto, poradi, idstul, status) VALUES (259, '259', 45, 'A');
INSERT INTO public.misto (idmisto, poradi, idstul, status) VALUES (260, '260', 45, 'A');
INSERT INTO public.misto (idmisto, poradi, idstul, status) VALUES (261, '261', 46, 'A');
INSERT INTO public.misto (idmisto, poradi, idstul, status) VALUES (262, '262', 46, 'A');
INSERT INTO public.misto (idmisto, poradi, idstul, status) VALUES (263, '263', 46, 'A');
INSERT INTO public.misto (idmisto, poradi, idstul, status) VALUES (264, '264', 46, 'A');
INSERT INTO public.misto (idmisto, poradi, idstul, status) VALUES (265, '265', 46, 'A');
INSERT INTO public.misto (idmisto, poradi, idstul, status) VALUES (266, '266', 46, 'A');
INSERT INTO public.misto (idmisto, poradi, idstul, status) VALUES (267, '267', 47, 'A');
INSERT INTO public.misto (idmisto, poradi, idstul, status) VALUES (268, '268', 47, 'A');
INSERT INTO public.misto (idmisto, poradi, idstul, status) VALUES (269, '269', 47, 'A');
INSERT INTO public.misto (idmisto, poradi, idstul, status) VALUES (270, '270', 47, 'A');
INSERT INTO public.misto (idmisto, poradi, idstul, status) VALUES (271, '271', 47, 'A');
INSERT INTO public.misto (idmisto, poradi, idstul, status) VALUES (272, '272', 47, 'A');
INSERT INTO public.misto (idmisto, poradi, idstul, status) VALUES (273, '273', 48, 'A');
INSERT INTO public.misto (idmisto, poradi, idstul, status) VALUES (274, '274', 48, 'A');
INSERT INTO public.misto (idmisto, poradi, idstul, status) VALUES (275, '275', 48, 'A');
INSERT INTO public.misto (idmisto, poradi, idstul, status) VALUES (276, '276', 48, 'A');
INSERT INTO public.misto (idmisto, poradi, idstul, status) VALUES (277, '277', 48, 'A');
INSERT INTO public.misto (idmisto, poradi, idstul, status) VALUES (278, '278', 48, 'A');
INSERT INTO public.misto (idmisto, poradi, idstul, status) VALUES (279, '279', 49, 'A');
INSERT INTO public.misto (idmisto, poradi, idstul, status) VALUES (280, '280', 49, 'A');
INSERT INTO public.misto (idmisto, poradi, idstul, status) VALUES (281, '281', 49, 'A');
INSERT INTO public.misto (idmisto, poradi, idstul, status) VALUES (282, '282', 49, 'A');
INSERT INTO public.misto (idmisto, poradi, idstul, status) VALUES (283, '283', 49, 'A');
INSERT INTO public.misto (idmisto, poradi, idstul, status) VALUES (284, '284', 49, 'A');
INSERT INTO public.misto (idmisto, poradi, idstul, status) VALUES (285, '285', 50, 'A');
INSERT INTO public.misto (idmisto, poradi, idstul, status) VALUES (286, '286', 50, 'A');
INSERT INTO public.misto (idmisto, poradi, idstul, status) VALUES (287, '287', 50, 'A');
INSERT INTO public.misto (idmisto, poradi, idstul, status) VALUES (288, '288', 50, 'A');
INSERT INTO public.misto (idmisto, poradi, idstul, status) VALUES (289, '289', 50, 'A');
INSERT INTO public.misto (idmisto, poradi, idstul, status) VALUES (290, '290', 50, 'A');
INSERT INTO public.misto (idmisto, poradi, idstul, status) VALUES (291, '291', 51, 'A');
INSERT INTO public.misto (idmisto, poradi, idstul, status) VALUES (292, '292', 51, 'A');
INSERT INTO public.misto (idmisto, poradi, idstul, status) VALUES (293, '293', 51, 'A');
INSERT INTO public.misto (idmisto, poradi, idstul, status) VALUES (294, '294', 51, 'A');
INSERT INTO public.misto (idmisto, poradi, idstul, status) VALUES (295, '295', 51, 'A');
INSERT INTO public.misto (idmisto, poradi, idstul, status) VALUES (296, '296', 51, 'A');
INSERT INTO public.misto (idmisto, poradi, idstul, status) VALUES (297, '297', 52, 'A');
INSERT INTO public.misto (idmisto, poradi, idstul, status) VALUES (298, '298', 52, 'A');
INSERT INTO public.misto (idmisto, poradi, idstul, status) VALUES (299, '299', 52, 'A');
INSERT INTO public.misto (idmisto, poradi, idstul, status) VALUES (300, '300', 52, 'A');
INSERT INTO public.misto (idmisto, poradi, idstul, status) VALUES (301, '301', 52, 'A');
INSERT INTO public.misto (idmisto, poradi, idstul, status) VALUES (302, '302', 52, 'A');
INSERT INTO public.misto (idmisto, poradi, idstul, status) VALUES (303, '303', 53, 'A');
INSERT INTO public.misto (idmisto, poradi, idstul, status) VALUES (304, '304', 53, 'A');
INSERT INTO public.misto (idmisto, poradi, idstul, status) VALUES (305, '305', 53, 'A');
INSERT INTO public.misto (idmisto, poradi, idstul, status) VALUES (306, '306', 53, 'A');
INSERT INTO public.misto (idmisto, poradi, idstul, status) VALUES (307, '307', 53, 'A');
INSERT INTO public.misto (idmisto, poradi, idstul, status) VALUES (308, '308', 53, 'A');
INSERT INTO public.misto (idmisto, poradi, idstul, status) VALUES (309, '309', 54, 'A');
INSERT INTO public.misto (idmisto, poradi, idstul, status) VALUES (310, '310', 54, 'A');
INSERT INTO public.misto (idmisto, poradi, idstul, status) VALUES (311, '311', 54, 'A');
INSERT INTO public.misto (idmisto, poradi, idstul, status) VALUES (312, '312', 54, 'A');
INSERT INTO public.misto (idmisto, poradi, idstul, status) VALUES (313, '313', 54, 'A');
INSERT INTO public.misto (idmisto, poradi, idstul, status) VALUES (314, '314', 54, 'A');
INSERT INTO public.misto (idmisto, poradi, idstul, status) VALUES (315, '315', 55, 'A');
INSERT INTO public.misto (idmisto, poradi, idstul, status) VALUES (316, '316', 55, 'A');
INSERT INTO public.misto (idmisto, poradi, idstul, status) VALUES (317, '317', 55, 'A');
INSERT INTO public.misto (idmisto, poradi, idstul, status) VALUES (318, '318', 55, 'A');
INSERT INTO public.misto (idmisto, poradi, idstul, status) VALUES (319, '319', 55, 'A');
INSERT INTO public.misto (idmisto, poradi, idstul, status) VALUES (320, '320', 55, 'A');
INSERT INTO public.misto (idmisto, poradi, idstul, status) VALUES (321, '321', 56, 'A');
INSERT INTO public.misto (idmisto, poradi, idstul, status) VALUES (322, '322', 56, 'A');
INSERT INTO public.misto (idmisto, poradi, idstul, status) VALUES (323, '323', 56, 'A');
INSERT INTO public.misto (idmisto, poradi, idstul, status) VALUES (324, '324', 56, 'A');
INSERT INTO public.misto (idmisto, poradi, idstul, status) VALUES (325, '325', 56, 'A');
INSERT INTO public.misto (idmisto, poradi, idstul, status) VALUES (326, '326', 56, 'A');
INSERT INTO public.misto (idmisto, poradi, idstul, status) VALUES (327, '327', 57, 'A');
INSERT INTO public.misto (idmisto, poradi, idstul, status) VALUES (328, '328', 57, 'A');
INSERT INTO public.misto (idmisto, poradi, idstul, status) VALUES (329, '329', 57, 'A');
INSERT INTO public.misto (idmisto, poradi, idstul, status) VALUES (330, '330', 57, 'A');
INSERT INTO public.misto (idmisto, poradi, idstul, status) VALUES (331, '331', 57, 'A');
INSERT INTO public.misto (idmisto, poradi, idstul, status) VALUES (332, '332', 57, 'A');
INSERT INTO public.misto (idmisto, poradi, idstul, status) VALUES (333, '333', 58, 'A');
INSERT INTO public.misto (idmisto, poradi, idstul, status) VALUES (334, '334', 58, 'A');
INSERT INTO public.misto (idmisto, poradi, idstul, status) VALUES (335, '335', 58, 'A');
INSERT INTO public.misto (idmisto, poradi, idstul, status) VALUES (336, '336', 58, 'A');
INSERT INTO public.misto (idmisto, poradi, idstul, status) VALUES (337, '337', 58, 'A');
INSERT INTO public.misto (idmisto, poradi, idstul, status) VALUES (338, '338', 58, 'A');
INSERT INTO public.misto (idmisto, poradi, idstul, status) VALUES (339, '339', 59, 'A');
INSERT INTO public.misto (idmisto, poradi, idstul, status) VALUES (340, '340', 59, 'A');
INSERT INTO public.misto (idmisto, poradi, idstul, status) VALUES (341, '341', 59, 'A');
INSERT INTO public.misto (idmisto, poradi, idstul, status) VALUES (342, '342', 59, 'A');
INSERT INTO public.misto (idmisto, poradi, idstul, status) VALUES (343, '343', 59, 'A');
INSERT INTO public.misto (idmisto, poradi, idstul, status) VALUES (344, '344', 59, 'A');
INSERT INTO public.misto (idmisto, poradi, idstul, status) VALUES (345, '345', 60, 'A');
INSERT INTO public.misto (idmisto, poradi, idstul, status) VALUES (346, '346', 60, 'A');
INSERT INTO public.misto (idmisto, poradi, idstul, status) VALUES (347, '347', 60, 'A');
INSERT INTO public.misto (idmisto, poradi, idstul, status) VALUES (348, '348', 60, 'A');
INSERT INTO public.misto (idmisto, poradi, idstul, status) VALUES (349, '349', 60, 'A');
INSERT INTO public.misto (idmisto, poradi, idstul, status) VALUES (350, '350', 60, 'A');
INSERT INTO public.misto (idmisto, poradi, idstul, status) VALUES (351, '351', 61, 'A');
INSERT INTO public.misto (idmisto, poradi, idstul, status) VALUES (352, '352', 61, 'A');
INSERT INTO public.misto (idmisto, poradi, idstul, status) VALUES (353, '353', 61, 'A');
INSERT INTO public.misto (idmisto, poradi, idstul, status) VALUES (354, '354', 61, 'A');
INSERT INTO public.misto (idmisto, poradi, idstul, status) VALUES (355, '355', 61, 'A');
INSERT INTO public.misto (idmisto, poradi, idstul, status) VALUES (356, '356', 61, 'A');
INSERT INTO public.misto (idmisto, poradi, idstul, status) VALUES (357, '357', 62, 'A');
INSERT INTO public.misto (idmisto, poradi, idstul, status) VALUES (358, '358', 62, 'A');
INSERT INTO public.misto (idmisto, poradi, idstul, status) VALUES (359, '359', 62, 'A');
INSERT INTO public.misto (idmisto, poradi, idstul, status) VALUES (360, '360', 62, 'A');
INSERT INTO public.misto (idmisto, poradi, idstul, status) VALUES (361, '361', 62, 'A');
INSERT INTO public.misto (idmisto, poradi, idstul, status) VALUES (362, '362', 62, 'A');
INSERT INTO public.misto (idmisto, poradi, idstul, status) VALUES (363, '363', 63, 'A');
INSERT INTO public.misto (idmisto, poradi, idstul, status) VALUES (364, '364', 63, 'A');
INSERT INTO public.misto (idmisto, poradi, idstul, status) VALUES (365, '365', 63, 'A');
INSERT INTO public.misto (idmisto, poradi, idstul, status) VALUES (366, '366', 63, 'A');
INSERT INTO public.misto (idmisto, poradi, idstul, status) VALUES (367, '367', 63, 'A');
INSERT INTO public.misto (idmisto, poradi, idstul, status) VALUES (368, '368', 63, 'A');
INSERT INTO public.misto (idmisto, poradi, idstul, status) VALUES (369, '369', 64, 'A');
INSERT INTO public.misto (idmisto, poradi, idstul, status) VALUES (370, '370', 64, 'A');
INSERT INTO public.misto (idmisto, poradi, idstul, status) VALUES (371, '371', 64, 'A');
INSERT INTO public.misto (idmisto, poradi, idstul, status) VALUES (372, '372', 64, 'A');
INSERT INTO public.misto (idmisto, poradi, idstul, status) VALUES (373, '373', 64, 'A');
INSERT INTO public.misto (idmisto, poradi, idstul, status) VALUES (374, '374', 64, 'A');
INSERT INTO public.misto (idmisto, poradi, idstul, status) VALUES (375, '375', 65, 'A');
INSERT INTO public.misto (idmisto, poradi, idstul, status) VALUES (376, '376', 65, 'A');
INSERT INTO public.misto (idmisto, poradi, idstul, status) VALUES (377, '377', 65, 'A');
INSERT INTO public.misto (idmisto, poradi, idstul, status) VALUES (378, '378', 65, 'A');
INSERT INTO public.misto (idmisto, poradi, idstul, status) VALUES (379, '379', 65, 'A');
INSERT INTO public.misto (idmisto, poradi, idstul, status) VALUES (380, '380', 65, 'A');
INSERT INTO public.misto (idmisto, poradi, idstul, status) VALUES (381, '381', 66, 'A');
INSERT INTO public.misto (idmisto, poradi, idstul, status) VALUES (382, '382', 66, 'A');
INSERT INTO public.misto (idmisto, poradi, idstul, status) VALUES (383, '383', 66, 'A');
INSERT INTO public.misto (idmisto, poradi, idstul, status) VALUES (384, '384', 66, 'A');
INSERT INTO public.misto (idmisto, poradi, idstul, status) VALUES (385, '385', 66, 'A');
INSERT INTO public.misto (idmisto, poradi, idstul, status) VALUES (386, '386', 66, 'A');
INSERT INTO public.misto (idmisto, poradi, idstul, status) VALUES (387, '387', 67, 'A');
INSERT INTO public.misto (idmisto, poradi, idstul, status) VALUES (388, '388', 67, 'A');
INSERT INTO public.misto (idmisto, poradi, idstul, status) VALUES (389, '389', 67, 'A');
INSERT INTO public.misto (idmisto, poradi, idstul, status) VALUES (390, '390', 67, 'A');
INSERT INTO public.misto (idmisto, poradi, idstul, status) VALUES (391, '391', 67, 'A');
INSERT INTO public.misto (idmisto, poradi, idstul, status) VALUES (392, '392', 67, 'A');
INSERT INTO public.misto (idmisto, poradi, idstul, status) VALUES (393, '393', 68, 'A');
INSERT INTO public.misto (idmisto, poradi, idstul, status) VALUES (394, '394', 68, 'A');
INSERT INTO public.misto (idmisto, poradi, idstul, status) VALUES (395, '395', 68, 'A');
INSERT INTO public.misto (idmisto, poradi, idstul, status) VALUES (396, '396', 68, 'A');
INSERT INTO public.misto (idmisto, poradi, idstul, status) VALUES (397, '397', 68, 'A');
INSERT INTO public.misto (idmisto, poradi, idstul, status) VALUES (398, '398', 68, 'A');
INSERT INTO public.misto (idmisto, poradi, idstul, status) VALUES (399, '399', 69, 'A');
INSERT INTO public.misto (idmisto, poradi, idstul, status) VALUES (400, '400', 69, 'A');
INSERT INTO public.misto (idmisto, poradi, idstul, status) VALUES (401, '401', 69, 'A');
INSERT INTO public.misto (idmisto, poradi, idstul, status) VALUES (402, '402', 69, 'A');
INSERT INTO public.misto (idmisto, poradi, idstul, status) VALUES (403, '403', 69, 'A');
INSERT INTO public.misto (idmisto, poradi, idstul, status) VALUES (404, '404', 69, 'A');
INSERT INTO public.misto (idmisto, poradi, idstul, status) VALUES (405, '405', 70, 'A');
INSERT INTO public.misto (idmisto, poradi, idstul, status) VALUES (406, '406', 70, 'A');
INSERT INTO public.misto (idmisto, poradi, idstul, status) VALUES (407, '407', 70, 'A');
INSERT INTO public.misto (idmisto, poradi, idstul, status) VALUES (408, '408', 70, 'A');
INSERT INTO public.misto (idmisto, poradi, idstul, status) VALUES (409, '409', 70, 'A');
INSERT INTO public.misto (idmisto, poradi, idstul, status) VALUES (410, '410', 70, 'A');
INSERT INTO public.misto (idmisto, poradi, idstul, status) VALUES (411, '411', 71, 'A');
INSERT INTO public.misto (idmisto, poradi, idstul, status) VALUES (412, '412', 71, 'A');
INSERT INTO public.misto (idmisto, poradi, idstul, status) VALUES (413, '413', 71, 'A');
INSERT INTO public.misto (idmisto, poradi, idstul, status) VALUES (414, '414', 71, 'A');
INSERT INTO public.misto (idmisto, poradi, idstul, status) VALUES (415, '415', 71, 'A');
INSERT INTO public.misto (idmisto, poradi, idstul, status) VALUES (416, '416', 71, 'A');
INSERT INTO public.misto (idmisto, poradi, idstul, status) VALUES (417, '417', 72, 'A');
INSERT INTO public.misto (idmisto, poradi, idstul, status) VALUES (418, '418', 72, 'A');
INSERT INTO public.misto (idmisto, poradi, idstul, status) VALUES (419, '419', 72, 'A');
INSERT INTO public.misto (idmisto, poradi, idstul, status) VALUES (420, '420', 72, 'A');
INSERT INTO public.misto (idmisto, poradi, idstul, status) VALUES (421, '421', 72, 'A');
INSERT INTO public.misto (idmisto, poradi, idstul, status) VALUES (422, '422', 72, 'A');
INSERT INTO public.misto (idmisto, poradi, idstul, status) VALUES (423, '423', 73, 'A');
INSERT INTO public.misto (idmisto, poradi, idstul, status) VALUES (424, '424', 73, 'A');
INSERT INTO public.misto (idmisto, poradi, idstul, status) VALUES (425, '425', 73, 'A');
INSERT INTO public.misto (idmisto, poradi, idstul, status) VALUES (426, '426', 73, 'A');
INSERT INTO public.misto (idmisto, poradi, idstul, status) VALUES (427, '427', 73, 'A');
INSERT INTO public.misto (idmisto, poradi, idstul, status) VALUES (428, '428', 73, 'A');
INSERT INTO public.misto (idmisto, poradi, idstul, status) VALUES (429, '429', 74, 'A');
INSERT INTO public.misto (idmisto, poradi, idstul, status) VALUES (430, '430', 74, 'A');
INSERT INTO public.misto (idmisto, poradi, idstul, status) VALUES (431, '431', 74, 'A');
INSERT INTO public.misto (idmisto, poradi, idstul, status) VALUES (432, '432', 74, 'A');
INSERT INTO public.misto (idmisto, poradi, idstul, status) VALUES (433, '433', 74, 'A');
INSERT INTO public.misto (idmisto, poradi, idstul, status) VALUES (434, '434', 74, 'A');
INSERT INTO public.misto (idmisto, poradi, idstul, status) VALUES (435, '435', 75, 'A');
INSERT INTO public.misto (idmisto, poradi, idstul, status) VALUES (436, '436', 75, 'A');
INSERT INTO public.misto (idmisto, poradi, idstul, status) VALUES (437, '437', 75, 'A');
INSERT INTO public.misto (idmisto, poradi, idstul, status) VALUES (438, '438', 75, 'A');
INSERT INTO public.misto (idmisto, poradi, idstul, status) VALUES (439, '439', 75, 'A');
INSERT INTO public.misto (idmisto, poradi, idstul, status) VALUES (440, '440', 75, 'A');
INSERT INTO public.misto (idmisto, poradi, idstul, status) VALUES (441, '441', 76, 'A');
INSERT INTO public.misto (idmisto, poradi, idstul, status) VALUES (442, '442', 76, 'A');
INSERT INTO public.misto (idmisto, poradi, idstul, status) VALUES (443, '443', 76, 'A');
INSERT INTO public.misto (idmisto, poradi, idstul, status) VALUES (444, '444', 76, 'A');
INSERT INTO public.misto (idmisto, poradi, idstul, status) VALUES (445, '445', 76, 'A');
INSERT INTO public.misto (idmisto, poradi, idstul, status) VALUES (446, '446', 76, 'A');
INSERT INTO public.misto (idmisto, poradi, idstul, status) VALUES (447, '447', 77, 'A');
INSERT INTO public.misto (idmisto, poradi, idstul, status) VALUES (448, '448', 77, 'A');
INSERT INTO public.misto (idmisto, poradi, idstul, status) VALUES (449, '449', 77, 'A');
INSERT INTO public.misto (idmisto, poradi, idstul, status) VALUES (450, '450', 77, 'A');
INSERT INTO public.misto (idmisto, poradi, idstul, status) VALUES (451, '451', 77, 'A');
INSERT INTO public.misto (idmisto, poradi, idstul, status) VALUES (452, '452', 77, 'A');
INSERT INTO public.misto (idmisto, poradi, idstul, status) VALUES (453, '453', 78, 'A');
INSERT INTO public.misto (idmisto, poradi, idstul, status) VALUES (454, '454', 78, 'A');
INSERT INTO public.misto (idmisto, poradi, idstul, status) VALUES (455, '455', 78, 'A');
INSERT INTO public.misto (idmisto, poradi, idstul, status) VALUES (456, '456', 78, 'A');
INSERT INTO public.misto (idmisto, poradi, idstul, status) VALUES (457, '457', 78, 'A');
INSERT INTO public.misto (idmisto, poradi, idstul, status) VALUES (458, '458', 78, 'A');
INSERT INTO public.misto (idmisto, poradi, idstul, status) VALUES (459, '459', 79, 'A');
INSERT INTO public.misto (idmisto, poradi, idstul, status) VALUES (460, '460', 79, 'A');
INSERT INTO public.misto (idmisto, poradi, idstul, status) VALUES (461, '461', 79, 'A');
INSERT INTO public.misto (idmisto, poradi, idstul, status) VALUES (462, '462', 79, 'A');
INSERT INTO public.misto (idmisto, poradi, idstul, status) VALUES (463, '463', 79, 'A');
INSERT INTO public.misto (idmisto, poradi, idstul, status) VALUES (464, '464', 79, 'A');
INSERT INTO public.misto (idmisto, poradi, idstul, status) VALUES (465, '465', 80, 'A');
INSERT INTO public.misto (idmisto, poradi, idstul, status) VALUES (466, '466', 80, 'A');
INSERT INTO public.misto (idmisto, poradi, idstul, status) VALUES (467, '467', 80, 'A');
INSERT INTO public.misto (idmisto, poradi, idstul, status) VALUES (468, '468', 80, 'A');
INSERT INTO public.misto (idmisto, poradi, idstul, status) VALUES (469, '469', 80, 'A');
INSERT INTO public.misto (idmisto, poradi, idstul, status) VALUES (470, '470', 80, 'A');
INSERT INTO public.misto (idmisto, poradi, idstul, status) VALUES (471, '471', 81, 'A');
INSERT INTO public.misto (idmisto, poradi, idstul, status) VALUES (472, '472', 81, 'A');
INSERT INTO public.misto (idmisto, poradi, idstul, status) VALUES (473, '473', 81, 'A');
INSERT INTO public.misto (idmisto, poradi, idstul, status) VALUES (474, '474', 81, 'A');
INSERT INTO public.misto (idmisto, poradi, idstul, status) VALUES (475, '475', 81, 'A');
INSERT INTO public.misto (idmisto, poradi, idstul, status) VALUES (476, '476', 81, 'A');
INSERT INTO public.misto (idmisto, poradi, idstul, status) VALUES (477, '477', 82, 'A');
INSERT INTO public.misto (idmisto, poradi, idstul, status) VALUES (478, '478', 82, 'A');
INSERT INTO public.misto (idmisto, poradi, idstul, status) VALUES (479, '479', 82, 'A');
INSERT INTO public.misto (idmisto, poradi, idstul, status) VALUES (480, '480', 82, 'A');
INSERT INTO public.misto (idmisto, poradi, idstul, status) VALUES (481, '481', 82, 'A');
INSERT INTO public.misto (idmisto, poradi, idstul, status) VALUES (482, '482', 82, 'A');
INSERT INTO public.misto (idmisto, poradi, idstul, status) VALUES (483, '483', 83, 'A');
INSERT INTO public.misto (idmisto, poradi, idstul, status) VALUES (484, '484', 83, 'A');
INSERT INTO public.misto (idmisto, poradi, idstul, status) VALUES (485, '485', 83, 'A');
INSERT INTO public.misto (idmisto, poradi, idstul, status) VALUES (486, '486', 83, 'A');
INSERT INTO public.misto (idmisto, poradi, idstul, status) VALUES (487, '487', 83, 'A');
INSERT INTO public.misto (idmisto, poradi, idstul, status) VALUES (488, '488', 83, 'A');
INSERT INTO public.misto (idmisto, poradi, idstul, status) VALUES (489, '489', 84, 'A');
INSERT INTO public.misto (idmisto, poradi, idstul, status) VALUES (490, '490', 84, 'A');
INSERT INTO public.misto (idmisto, poradi, idstul, status) VALUES (491, '491', 84, 'A');
INSERT INTO public.misto (idmisto, poradi, idstul, status) VALUES (492, '492', 84, 'A');
INSERT INTO public.misto (idmisto, poradi, idstul, status) VALUES (493, '493', 84, 'A');
INSERT INTO public.misto (idmisto, poradi, idstul, status) VALUES (494, '494', 84, 'A');
INSERT INTO public.misto (idmisto, poradi, idstul, status) VALUES (495, '495', 85, 'A');
INSERT INTO public.misto (idmisto, poradi, idstul, status) VALUES (496, '496', 85, 'A');
INSERT INTO public.misto (idmisto, poradi, idstul, status) VALUES (497, '497', 85, 'A');
INSERT INTO public.misto (idmisto, poradi, idstul, status) VALUES (498, '498', 85, 'A');
INSERT INTO public.misto (idmisto, poradi, idstul, status) VALUES (499, '499', 85, 'A');
INSERT INTO public.misto (idmisto, poradi, idstul, status) VALUES (500, '500', 85, 'A');
INSERT INTO public.misto (idmisto, poradi, idstul, status) VALUES (501, '501', 86, 'A');
INSERT INTO public.misto (idmisto, poradi, idstul, status) VALUES (502, '502', 86, 'A');
INSERT INTO public.misto (idmisto, poradi, idstul, status) VALUES (503, '503', 86, 'A');
INSERT INTO public.misto (idmisto, poradi, idstul, status) VALUES (504, '504', 86, 'A');
INSERT INTO public.misto (idmisto, poradi, idstul, status) VALUES (505, '505', 86, 'A');
INSERT INTO public.misto (idmisto, poradi, idstul, status) VALUES (506, '506', 86, 'A');
INSERT INTO public.misto (idmisto, poradi, idstul, status) VALUES (507, '507', 87, 'A');
INSERT INTO public.misto (idmisto, poradi, idstul, status) VALUES (508, '508', 87, 'A');
INSERT INTO public.misto (idmisto, poradi, idstul, status) VALUES (509, '509', 87, 'A');
INSERT INTO public.misto (idmisto, poradi, idstul, status) VALUES (510, '510', 87, 'A');
INSERT INTO public.misto (idmisto, poradi, idstul, status) VALUES (511, '511', 87, 'A');
INSERT INTO public.misto (idmisto, poradi, idstul, status) VALUES (512, '512', 87, 'A');
INSERT INTO public.misto (idmisto, poradi, idstul, status) VALUES (513, '513', 88, 'A');
INSERT INTO public.misto (idmisto, poradi, idstul, status) VALUES (514, '514', 88, 'A');
INSERT INTO public.misto (idmisto, poradi, idstul, status) VALUES (515, '515', 88, 'A');
INSERT INTO public.misto (idmisto, poradi, idstul, status) VALUES (516, '516', 88, 'A');
INSERT INTO public.misto (idmisto, poradi, idstul, status) VALUES (517, '517', 88, 'A');
INSERT INTO public.misto (idmisto, poradi, idstul, status) VALUES (518, '518', 88, 'A');
INSERT INTO public.misto (idmisto, poradi, idstul, status) VALUES (519, '519', 89, 'A');
INSERT INTO public.misto (idmisto, poradi, idstul, status) VALUES (520, '520', 89, 'A');
INSERT INTO public.misto (idmisto, poradi, idstul, status) VALUES (521, '521', 89, 'A');
INSERT INTO public.misto (idmisto, poradi, idstul, status) VALUES (522, '522', 89, 'A');
INSERT INTO public.misto (idmisto, poradi, idstul, status) VALUES (523, '523', 89, 'A');
INSERT INTO public.misto (idmisto, poradi, idstul, status) VALUES (524, '524', 89, 'A');
INSERT INTO public.misto (idmisto, poradi, idstul, status) VALUES (525, '525', 90, 'A');
INSERT INTO public.misto (idmisto, poradi, idstul, status) VALUES (526, '526', 90, 'A');
INSERT INTO public.misto (idmisto, poradi, idstul, status) VALUES (527, '527', 90, 'A');
INSERT INTO public.misto (idmisto, poradi, idstul, status) VALUES (528, '528', 90, 'A');
INSERT INTO public.misto (idmisto, poradi, idstul, status) VALUES (529, '529', 90, 'A');
INSERT INTO public.misto (idmisto, poradi, idstul, status) VALUES (530, '530', 90, 'A');
INSERT INTO public.misto (idmisto, poradi, idstul, status) VALUES (531, '531', 91, 'A');
INSERT INTO public.misto (idmisto, poradi, idstul, status) VALUES (532, '532', 91, 'A');
INSERT INTO public.misto (idmisto, poradi, idstul, status) VALUES (533, '533', 91, 'A');
INSERT INTO public.misto (idmisto, poradi, idstul, status) VALUES (534, '534', 91, 'A');
INSERT INTO public.misto (idmisto, poradi, idstul, status) VALUES (535, '535', 91, 'A');
INSERT INTO public.misto (idmisto, poradi, idstul, status) VALUES (536, '536', 91, 'A');
INSERT INTO public.misto (idmisto, poradi, idstul, status) VALUES (537, '537', 92, 'A');
INSERT INTO public.misto (idmisto, poradi, idstul, status) VALUES (538, '538', 92, 'A');
INSERT INTO public.misto (idmisto, poradi, idstul, status) VALUES (539, '539', 92, 'A');
INSERT INTO public.misto (idmisto, poradi, idstul, status) VALUES (540, '540', 92, 'A');
INSERT INTO public.misto (idmisto, poradi, idstul, status) VALUES (541, '541', 92, 'A');
INSERT INTO public.misto (idmisto, poradi, idstul, status) VALUES (542, '542', 92, 'A');
INSERT INTO public.misto (idmisto, poradi, idstul, status) VALUES (543, '543', 93, 'A');
INSERT INTO public.misto (idmisto, poradi, idstul, status) VALUES (544, '544', 93, 'A');
INSERT INTO public.misto (idmisto, poradi, idstul, status) VALUES (545, '545', 93, 'A');
INSERT INTO public.misto (idmisto, poradi, idstul, status) VALUES (546, '546', 93, 'A');
INSERT INTO public.misto (idmisto, poradi, idstul, status) VALUES (547, '547', 93, 'A');
INSERT INTO public.misto (idmisto, poradi, idstul, status) VALUES (548, '548', 93, 'A');
INSERT INTO public.misto (idmisto, poradi, idstul, status) VALUES (549, '549', 94, 'A');
INSERT INTO public.misto (idmisto, poradi, idstul, status) VALUES (550, '550', 94, 'A');
INSERT INTO public.misto (idmisto, poradi, idstul, status) VALUES (551, '551', 94, 'A');
INSERT INTO public.misto (idmisto, poradi, idstul, status) VALUES (552, '552', 94, 'A');
INSERT INTO public.misto (idmisto, poradi, idstul, status) VALUES (553, '553', 94, 'A');
INSERT INTO public.misto (idmisto, poradi, idstul, status) VALUES (554, '554', 94, 'A');
INSERT INTO public.misto (idmisto, poradi, idstul, status) VALUES (555, '555', 95, 'A');
INSERT INTO public.misto (idmisto, poradi, idstul, status) VALUES (556, '556', 95, 'A');
INSERT INTO public.misto (idmisto, poradi, idstul, status) VALUES (557, '557', 95, 'A');
INSERT INTO public.misto (idmisto, poradi, idstul, status) VALUES (558, '558', 95, 'A');
INSERT INTO public.misto (idmisto, poradi, idstul, status) VALUES (559, '559', 95, 'A');
INSERT INTO public.misto (idmisto, poradi, idstul, status) VALUES (560, '560', 95, 'A');
INSERT INTO public.misto (idmisto, poradi, idstul, status) VALUES (561, '561', 96, 'A');
INSERT INTO public.misto (idmisto, poradi, idstul, status) VALUES (562, '562', 96, 'A');
INSERT INTO public.misto (idmisto, poradi, idstul, status) VALUES (563, '563', 96, 'A');
INSERT INTO public.misto (idmisto, poradi, idstul, status) VALUES (564, '564', 96, 'A');
INSERT INTO public.misto (idmisto, poradi, idstul, status) VALUES (565, '565', 96, 'A');
INSERT INTO public.misto (idmisto, poradi, idstul, status) VALUES (566, '566', 96, 'A');
INSERT INTO public.misto (idmisto, poradi, idstul, status) VALUES (567, '567', 97, 'A');
INSERT INTO public.misto (idmisto, poradi, idstul, status) VALUES (568, '568', 97, 'A');
INSERT INTO public.misto (idmisto, poradi, idstul, status) VALUES (569, '569', 97, 'A');
INSERT INTO public.misto (idmisto, poradi, idstul, status) VALUES (570, '570', 97, 'A');
INSERT INTO public.misto (idmisto, poradi, idstul, status) VALUES (571, '571', 97, 'A');
INSERT INTO public.misto (idmisto, poradi, idstul, status) VALUES (572, '572', 97, 'A');
INSERT INTO public.misto (idmisto, poradi, idstul, status) VALUES (573, '573', 98, 'A');
INSERT INTO public.misto (idmisto, poradi, idstul, status) VALUES (574, '574', 98, 'A');
INSERT INTO public.misto (idmisto, poradi, idstul, status) VALUES (575, '575', 98, 'A');
INSERT INTO public.misto (idmisto, poradi, idstul, status) VALUES (576, '576', 98, 'A');
INSERT INTO public.misto (idmisto, poradi, idstul, status) VALUES (577, '577', 98, 'A');
INSERT INTO public.misto (idmisto, poradi, idstul, status) VALUES (578, '578', 98, 'A');
INSERT INTO public.misto (idmisto, poradi, idstul, status) VALUES (579, '579', 99, 'A');
INSERT INTO public.misto (idmisto, poradi, idstul, status) VALUES (580, '580', 99, 'A');
INSERT INTO public.misto (idmisto, poradi, idstul, status) VALUES (581, '581', 99, 'A');
INSERT INTO public.misto (idmisto, poradi, idstul, status) VALUES (582, '582', 99, 'A');
INSERT INTO public.misto (idmisto, poradi, idstul, status) VALUES (583, '583', 99, 'A');
INSERT INTO public.misto (idmisto, poradi, idstul, status) VALUES (584, '584', 99, 'A');
INSERT INTO public.misto (idmisto, poradi, idstul, status) VALUES (585, '585', 100, 'A');
INSERT INTO public.misto (idmisto, poradi, idstul, status) VALUES (586, '586', 100, 'A');
INSERT INTO public.misto (idmisto, poradi, idstul, status) VALUES (587, '587', 100, 'A');
INSERT INTO public.misto (idmisto, poradi, idstul, status) VALUES (588, '588', 100, 'A');
INSERT INTO public.misto (idmisto, poradi, idstul, status) VALUES (589, '589', 100, 'A');
INSERT INTO public.misto (idmisto, poradi, idstul, status) VALUES (590, '590', 100, 'A');
INSERT INTO public.misto (idmisto, poradi, idstul, status) VALUES (591, '591', 101, 'A');
INSERT INTO public.misto (idmisto, poradi, idstul, status) VALUES (592, '592', 101, 'A');
INSERT INTO public.misto (idmisto, poradi, idstul, status) VALUES (593, '593', 101, 'A');
INSERT INTO public.misto (idmisto, poradi, idstul, status) VALUES (594, '594', 101, 'A');
INSERT INTO public.misto (idmisto, poradi, idstul, status) VALUES (595, '595', 101, 'A');
INSERT INTO public.misto (idmisto, poradi, idstul, status) VALUES (596, '596', 101, 'A');
INSERT INTO public.misto (idmisto, poradi, idstul, status) VALUES (597, '597', 102, 'A');
INSERT INTO public.misto (idmisto, poradi, idstul, status) VALUES (598, '598', 102, 'A');
INSERT INTO public.misto (idmisto, poradi, idstul, status) VALUES (599, '599', 102, 'A');
INSERT INTO public.misto (idmisto, poradi, idstul, status) VALUES (600, '600', 102, 'A');
INSERT INTO public.misto (idmisto, poradi, idstul, status) VALUES (601, '601', 102, 'A');
INSERT INTO public.misto (idmisto, poradi, idstul, status) VALUES (602, '602', 102, 'A');
INSERT INTO public.misto (idmisto, poradi, idstul, status) VALUES (603, '603', 103, 'A');
INSERT INTO public.misto (idmisto, poradi, idstul, status) VALUES (604, '604', 103, 'A');
INSERT INTO public.misto (idmisto, poradi, idstul, status) VALUES (605, '605', 103, 'A');
INSERT INTO public.misto (idmisto, poradi, idstul, status) VALUES (606, '606', 103, 'A');
INSERT INTO public.misto (idmisto, poradi, idstul, status) VALUES (607, '607', 103, 'A');
INSERT INTO public.misto (idmisto, poradi, idstul, status) VALUES (608, '608', 103, 'A');
INSERT INTO public.misto (idmisto, poradi, idstul, status) VALUES (609, '609', 104, 'A');
INSERT INTO public.misto (idmisto, poradi, idstul, status) VALUES (610, '610', 104, 'A');
INSERT INTO public.misto (idmisto, poradi, idstul, status) VALUES (611, '611', 104, 'A');
INSERT INTO public.misto (idmisto, poradi, idstul, status) VALUES (612, '612', 104, 'A');
INSERT INTO public.misto (idmisto, poradi, idstul, status) VALUES (613, '613', 104, 'A');
INSERT INTO public.misto (idmisto, poradi, idstul, status) VALUES (614, '614', 104, 'A');
INSERT INTO public.misto (idmisto, poradi, idstul, status) VALUES (615, '615', 105, 'A');
INSERT INTO public.misto (idmisto, poradi, idstul, status) VALUES (616, '616', 105, 'A');
INSERT INTO public.misto (idmisto, poradi, idstul, status) VALUES (617, '617', 105, 'A');
INSERT INTO public.misto (idmisto, poradi, idstul, status) VALUES (618, '618', 105, 'A');
INSERT INTO public.misto (idmisto, poradi, idstul, status) VALUES (619, '619', 105, 'A');
INSERT INTO public.misto (idmisto, poradi, idstul, status) VALUES (620, '620', 105, 'A');
INSERT INTO public.misto (idmisto, poradi, idstul, status) VALUES (621, '621', 106, 'A');
INSERT INTO public.misto (idmisto, poradi, idstul, status) VALUES (622, '622', 106, 'A');
INSERT INTO public.misto (idmisto, poradi, idstul, status) VALUES (623, '623', 106, 'A');
INSERT INTO public.misto (idmisto, poradi, idstul, status) VALUES (624, '624', 106, 'A');
INSERT INTO public.misto (idmisto, poradi, idstul, status) VALUES (625, '625', 106, 'A');
INSERT INTO public.misto (idmisto, poradi, idstul, status) VALUES (626, '626', 106, 'A');
INSERT INTO public.misto (idmisto, poradi, idstul, status) VALUES (627, '627', 107, 'A');
INSERT INTO public.misto (idmisto, poradi, idstul, status) VALUES (628, '628', 107, 'A');
INSERT INTO public.misto (idmisto, poradi, idstul, status) VALUES (629, '629', 107, 'A');
INSERT INTO public.misto (idmisto, poradi, idstul, status) VALUES (630, '630', 107, 'A');
INSERT INTO public.misto (idmisto, poradi, idstul, status) VALUES (631, '631', 107, 'A');
INSERT INTO public.misto (idmisto, poradi, idstul, status) VALUES (632, '632', 107, 'A');
INSERT INTO public.misto (idmisto, poradi, idstul, status) VALUES (633, '633', 108, 'A');
INSERT INTO public.misto (idmisto, poradi, idstul, status) VALUES (634, '634', 108, 'A');
INSERT INTO public.misto (idmisto, poradi, idstul, status) VALUES (635, '635', 108, 'A');
INSERT INTO public.misto (idmisto, poradi, idstul, status) VALUES (636, '636', 108, 'A');
INSERT INTO public.misto (idmisto, poradi, idstul, status) VALUES (637, '637', 108, 'A');
INSERT INTO public.misto (idmisto, poradi, idstul, status) VALUES (638, '638', 108, 'A');
INSERT INTO public.misto (idmisto, poradi, idstul, status) VALUES (639, '639', 109, 'A');
INSERT INTO public.misto (idmisto, poradi, idstul, status) VALUES (640, '640', 109, 'A');
INSERT INTO public.misto (idmisto, poradi, idstul, status) VALUES (641, '641', 109, 'A');
INSERT INTO public.misto (idmisto, poradi, idstul, status) VALUES (642, '642', 109, 'A');
INSERT INTO public.misto (idmisto, poradi, idstul, status) VALUES (643, '643', 109, 'A');
INSERT INTO public.misto (idmisto, poradi, idstul, status) VALUES (644, '644', 109, 'A');
INSERT INTO public.misto (idmisto, poradi, idstul, status) VALUES (645, '645', 110, 'A');
INSERT INTO public.misto (idmisto, poradi, idstul, status) VALUES (646, '646', 110, 'A');
INSERT INTO public.misto (idmisto, poradi, idstul, status) VALUES (647, '647', 110, 'A');
INSERT INTO public.misto (idmisto, poradi, idstul, status) VALUES (648, '648', 110, 'A');
INSERT INTO public.misto (idmisto, poradi, idstul, status) VALUES (649, '649', 110, 'A');
INSERT INTO public.misto (idmisto, poradi, idstul, status) VALUES (650, '650', 110, 'A');
INSERT INTO public.misto (idmisto, poradi, idstul, status) VALUES (651, '651', 111, 'A');
INSERT INTO public.misto (idmisto, poradi, idstul, status) VALUES (652, '652', 111, 'A');
INSERT INTO public.misto (idmisto, poradi, idstul, status) VALUES (653, '653', 111, 'A');
INSERT INTO public.misto (idmisto, poradi, idstul, status) VALUES (654, '654', 111, 'A');
INSERT INTO public.misto (idmisto, poradi, idstul, status) VALUES (655, '655', 111, 'A');
INSERT INTO public.misto (idmisto, poradi, idstul, status) VALUES (656, '656', 111, 'A');
INSERT INTO public.misto (idmisto, poradi, idstul, status) VALUES (657, '657', 112, 'A');
INSERT INTO public.misto (idmisto, poradi, idstul, status) VALUES (658, '658', 112, 'A');
INSERT INTO public.misto (idmisto, poradi, idstul, status) VALUES (659, '659', 112, 'A');
INSERT INTO public.misto (idmisto, poradi, idstul, status) VALUES (660, '660', 112, 'A');
INSERT INTO public.misto (idmisto, poradi, idstul, status) VALUES (661, '661', 112, 'A');
INSERT INTO public.misto (idmisto, poradi, idstul, status) VALUES (662, '662', 112, 'A');
INSERT INTO public.misto (idmisto, poradi, idstul, status) VALUES (663, '663', 113, 'A');
INSERT INTO public.misto (idmisto, poradi, idstul, status) VALUES (664, '664', 113, 'A');
INSERT INTO public.misto (idmisto, poradi, idstul, status) VALUES (665, '665', 113, 'A');
INSERT INTO public.misto (idmisto, poradi, idstul, status) VALUES (666, '666', 113, 'A');
INSERT INTO public.misto (idmisto, poradi, idstul, status) VALUES (667, '667', 113, 'A');
INSERT INTO public.misto (idmisto, poradi, idstul, status) VALUES (668, '668', 113, 'A');
INSERT INTO public.misto (idmisto, poradi, idstul, status) VALUES (669, '669', 114, 'A');
INSERT INTO public.misto (idmisto, poradi, idstul, status) VALUES (670, '670', 114, 'A');
INSERT INTO public.misto (idmisto, poradi, idstul, status) VALUES (671, '671', 114, 'A');
INSERT INTO public.misto (idmisto, poradi, idstul, status) VALUES (672, '672', 114, 'A');
INSERT INTO public.misto (idmisto, poradi, idstul, status) VALUES (673, '673', 114, 'A');
INSERT INTO public.misto (idmisto, poradi, idstul, status) VALUES (674, '674', 114, 'A');
INSERT INTO public.misto (idmisto, poradi, idstul, status) VALUES (675, '675', 115, 'A');
INSERT INTO public.misto (idmisto, poradi, idstul, status) VALUES (676, '676', 115, 'A');
INSERT INTO public.misto (idmisto, poradi, idstul, status) VALUES (677, '677', 115, 'A');
INSERT INTO public.misto (idmisto, poradi, idstul, status) VALUES (678, '678', 115, 'A');
INSERT INTO public.misto (idmisto, poradi, idstul, status) VALUES (679, '679', 115, 'A');
INSERT INTO public.misto (idmisto, poradi, idstul, status) VALUES (680, '680', 115, 'A');
INSERT INTO public.misto (idmisto, poradi, idstul, status) VALUES (681, '681', 116, 'A');
INSERT INTO public.misto (idmisto, poradi, idstul, status) VALUES (682, '682', 116, 'A');
INSERT INTO public.misto (idmisto, poradi, idstul, status) VALUES (683, '683', 116, 'A');
INSERT INTO public.misto (idmisto, poradi, idstul, status) VALUES (684, '684', 116, 'A');
INSERT INTO public.misto (idmisto, poradi, idstul, status) VALUES (685, '685', 116, 'A');
INSERT INTO public.misto (idmisto, poradi, idstul, status) VALUES (686, '686', 116, 'A');
INSERT INTO public.misto (idmisto, poradi, idstul, status) VALUES (687, '687', 117, 'A');
INSERT INTO public.misto (idmisto, poradi, idstul, status) VALUES (688, '688', 117, 'A');
INSERT INTO public.misto (idmisto, poradi, idstul, status) VALUES (689, '689', 117, 'A');
INSERT INTO public.misto (idmisto, poradi, idstul, status) VALUES (690, '690', 117, 'A');
INSERT INTO public.misto (idmisto, poradi, idstul, status) VALUES (691, '691', 117, 'A');
INSERT INTO public.misto (idmisto, poradi, idstul, status) VALUES (692, '692', 117, 'A');
INSERT INTO public.misto (idmisto, poradi, idstul, status) VALUES (693, '693', 118, 'A');
INSERT INTO public.misto (idmisto, poradi, idstul, status) VALUES (694, '694', 118, 'A');
INSERT INTO public.misto (idmisto, poradi, idstul, status) VALUES (695, '695', 118, 'A');
INSERT INTO public.misto (idmisto, poradi, idstul, status) VALUES (696, '696', 118, 'A');
INSERT INTO public.misto (idmisto, poradi, idstul, status) VALUES (697, '697', 118, 'A');
INSERT INTO public.misto (idmisto, poradi, idstul, status) VALUES (698, '698', 118, 'A');
INSERT INTO public.misto (idmisto, poradi, idstul, status) VALUES (699, '699', 119, 'A');
INSERT INTO public.misto (idmisto, poradi, idstul, status) VALUES (700, '700', 119, 'A');
INSERT INTO public.misto (idmisto, poradi, idstul, status) VALUES (701, '701', 119, 'A');
INSERT INTO public.misto (idmisto, poradi, idstul, status) VALUES (702, '702', 119, 'A');
INSERT INTO public.misto (idmisto, poradi, idstul, status) VALUES (703, '703', 119, 'A');
INSERT INTO public.misto (idmisto, poradi, idstul, status) VALUES (704, '704', 119, 'A');
INSERT INTO public.misto (idmisto, poradi, idstul, status) VALUES (705, '705', 120, 'A');
INSERT INTO public.misto (idmisto, poradi, idstul, status) VALUES (706, '706', 120, 'A');
INSERT INTO public.misto (idmisto, poradi, idstul, status) VALUES (707, '707', 120, 'A');
INSERT INTO public.misto (idmisto, poradi, idstul, status) VALUES (708, '708', 120, 'A');
INSERT INTO public.misto (idmisto, poradi, idstul, status) VALUES (709, '709', 120, 'A');
INSERT INTO public.misto (idmisto, poradi, idstul, status) VALUES (710, '710', 120, 'A');
INSERT INTO public.misto (idmisto, poradi, idstul, status) VALUES (711, '711', 121, 'A');
INSERT INTO public.misto (idmisto, poradi, idstul, status) VALUES (712, '712', 121, 'A');
INSERT INTO public.misto (idmisto, poradi, idstul, status) VALUES (713, '713', 121, 'A');
INSERT INTO public.misto (idmisto, poradi, idstul, status) VALUES (714, '714', 121, 'A');
INSERT INTO public.misto (idmisto, poradi, idstul, status) VALUES (715, '715', 121, 'A');
INSERT INTO public.misto (idmisto, poradi, idstul, status) VALUES (716, '716', 121, 'A');
INSERT INTO public.misto (idmisto, poradi, idstul, status) VALUES (717, '717', 122, 'A');
INSERT INTO public.misto (idmisto, poradi, idstul, status) VALUES (718, '718', 122, 'A');
INSERT INTO public.misto (idmisto, poradi, idstul, status) VALUES (719, '719', 122, 'A');
INSERT INTO public.misto (idmisto, poradi, idstul, status) VALUES (720, '720', 122, 'A');
INSERT INTO public.misto (idmisto, poradi, idstul, status) VALUES (721, '721', 122, 'A');
INSERT INTO public.misto (idmisto, poradi, idstul, status) VALUES (722, '722', 122, 'A');
INSERT INTO public.misto (idmisto, poradi, idstul, status) VALUES (723, '723', 123, 'A');
INSERT INTO public.misto (idmisto, poradi, idstul, status) VALUES (724, '724', 123, 'A');
INSERT INTO public.misto (idmisto, poradi, idstul, status) VALUES (725, '725', 123, 'A');
INSERT INTO public.misto (idmisto, poradi, idstul, status) VALUES (726, '726', 123, 'A');
INSERT INTO public.misto (idmisto, poradi, idstul, status) VALUES (727, '727', 123, 'A');
INSERT INTO public.misto (idmisto, poradi, idstul, status) VALUES (728, '728', 123, 'A');
INSERT INTO public.misto (idmisto, poradi, idstul, status) VALUES (729, '729', 124, 'A');
INSERT INTO public.misto (idmisto, poradi, idstul, status) VALUES (730, '730', 124, 'A');
INSERT INTO public.misto (idmisto, poradi, idstul, status) VALUES (731, '731', 124, 'A');
INSERT INTO public.misto (idmisto, poradi, idstul, status) VALUES (732, '732', 124, 'A');
INSERT INTO public.misto (idmisto, poradi, idstul, status) VALUES (733, '733', 124, 'A');
INSERT INTO public.misto (idmisto, poradi, idstul, status) VALUES (734, '734', 124, 'A');
INSERT INTO public.misto (idmisto, poradi, idstul, status) VALUES (735, '735', 125, 'A');
INSERT INTO public.misto (idmisto, poradi, idstul, status) VALUES (736, '736', 125, 'A');
INSERT INTO public.misto (idmisto, poradi, idstul, status) VALUES (737, '737', 125, 'A');
INSERT INTO public.misto (idmisto, poradi, idstul, status) VALUES (738, '738', 125, 'A');
INSERT INTO public.misto (idmisto, poradi, idstul, status) VALUES (739, '739', 125, 'A');
INSERT INTO public.misto (idmisto, poradi, idstul, status) VALUES (740, '740', 125, 'A');
INSERT INTO public.misto (idmisto, poradi, idstul, status) VALUES (741, '741', 126, 'A');
INSERT INTO public.misto (idmisto, poradi, idstul, status) VALUES (742, '742', 126, 'A');
INSERT INTO public.misto (idmisto, poradi, idstul, status) VALUES (743, '743', 126, 'A');
INSERT INTO public.misto (idmisto, poradi, idstul, status) VALUES (744, '744', 126, 'A');
INSERT INTO public.misto (idmisto, poradi, idstul, status) VALUES (745, '745', 126, 'A');
INSERT INTO public.misto (idmisto, poradi, idstul, status) VALUES (746, '746', 126, 'A');
INSERT INTO public.misto (idmisto, poradi, idstul, status) VALUES (747, '747', 127, 'A');
INSERT INTO public.misto (idmisto, poradi, idstul, status) VALUES (748, '748', 127, 'A');
INSERT INTO public.misto (idmisto, poradi, idstul, status) VALUES (749, '749', 127, 'A');
INSERT INTO public.misto (idmisto, poradi, idstul, status) VALUES (750, '750', 127, 'A');
INSERT INTO public.misto (idmisto, poradi, idstul, status) VALUES (751, '751', 127, 'A');
INSERT INTO public.misto (idmisto, poradi, idstul, status) VALUES (752, '752', 127, 'A');
INSERT INTO public.misto (idmisto, poradi, idstul, status) VALUES (753, '753', 128, 'A');
INSERT INTO public.misto (idmisto, poradi, idstul, status) VALUES (754, '754', 128, 'A');
INSERT INTO public.misto (idmisto, poradi, idstul, status) VALUES (755, '755', 128, 'A');
INSERT INTO public.misto (idmisto, poradi, idstul, status) VALUES (756, '756', 128, 'A');
INSERT INTO public.misto (idmisto, poradi, idstul, status) VALUES (757, '757', 128, 'A');
INSERT INTO public.misto (idmisto, poradi, idstul, status) VALUES (758, '758', 128, 'A');
INSERT INTO public.misto (idmisto, poradi, idstul, status) VALUES (759, '759', 129, 'A');
INSERT INTO public.misto (idmisto, poradi, idstul, status) VALUES (760, '760', 129, 'A');
INSERT INTO public.misto (idmisto, poradi, idstul, status) VALUES (761, '761', 129, 'A');
INSERT INTO public.misto (idmisto, poradi, idstul, status) VALUES (762, '762', 129, 'A');
INSERT INTO public.misto (idmisto, poradi, idstul, status) VALUES (763, '763', 129, 'A');
INSERT INTO public.misto (idmisto, poradi, idstul, status) VALUES (764, '764', 129, 'A');
INSERT INTO public.misto (idmisto, poradi, idstul, status) VALUES (765, '765', 130, 'A');
INSERT INTO public.misto (idmisto, poradi, idstul, status) VALUES (766, '766', 130, 'A');
INSERT INTO public.misto (idmisto, poradi, idstul, status) VALUES (767, '767', 130, 'A');
INSERT INTO public.misto (idmisto, poradi, idstul, status) VALUES (768, '768', 130, 'A');
INSERT INTO public.misto (idmisto, poradi, idstul, status) VALUES (769, '769', 130, 'A');
INSERT INTO public.misto (idmisto, poradi, idstul, status) VALUES (770, '770', 130, 'A');
INSERT INTO public.misto (idmisto, poradi, idstul, status) VALUES (771, '771', 131, 'A');
INSERT INTO public.misto (idmisto, poradi, idstul, status) VALUES (772, '772', 131, 'A');
INSERT INTO public.misto (idmisto, poradi, idstul, status) VALUES (773, '773', 131, 'A');
INSERT INTO public.misto (idmisto, poradi, idstul, status) VALUES (774, '774', 131, 'A');
INSERT INTO public.misto (idmisto, poradi, idstul, status) VALUES (775, '775', 131, 'A');
INSERT INTO public.misto (idmisto, poradi, idstul, status) VALUES (776, '776', 131, 'A');
INSERT INTO public.misto (idmisto, poradi, idstul, status) VALUES (777, '777', 132, 'A');
INSERT INTO public.misto (idmisto, poradi, idstul, status) VALUES (778, '778', 132, 'A');
INSERT INTO public.misto (idmisto, poradi, idstul, status) VALUES (779, '779', 132, 'A');
INSERT INTO public.misto (idmisto, poradi, idstul, status) VALUES (780, '780', 132, 'A');
INSERT INTO public.misto (idmisto, poradi, idstul, status) VALUES (781, '781', 132, 'A');
INSERT INTO public.misto (idmisto, poradi, idstul, status) VALUES (782, '782', 132, 'A');
INSERT INTO public.misto (idmisto, poradi, idstul, status) VALUES (783, '783', 133, 'A');
INSERT INTO public.misto (idmisto, poradi, idstul, status) VALUES (784, '784', 133, 'A');
INSERT INTO public.misto (idmisto, poradi, idstul, status) VALUES (785, '785', 133, 'A');
INSERT INTO public.misto (idmisto, poradi, idstul, status) VALUES (786, '786', 133, 'A');
INSERT INTO public.misto (idmisto, poradi, idstul, status) VALUES (787, '787', 133, 'A');
INSERT INTO public.misto (idmisto, poradi, idstul, status) VALUES (788, '788', 133, 'A');
INSERT INTO public.misto (idmisto, poradi, idstul, status) VALUES (789, '789', 134, 'A');
INSERT INTO public.misto (idmisto, poradi, idstul, status) VALUES (790, '790', 134, 'A');
INSERT INTO public.misto (idmisto, poradi, idstul, status) VALUES (791, '791', 134, 'A');
INSERT INTO public.misto (idmisto, poradi, idstul, status) VALUES (792, '792', 134, 'A');
INSERT INTO public.misto (idmisto, poradi, idstul, status) VALUES (793, '793', 134, 'A');
INSERT INTO public.misto (idmisto, poradi, idstul, status) VALUES (794, '794', 134, 'A');
INSERT INTO public.misto (idmisto, poradi, idstul, status) VALUES (795, '795', 135, 'A');
INSERT INTO public.misto (idmisto, poradi, idstul, status) VALUES (796, '796', 135, 'A');
INSERT INTO public.misto (idmisto, poradi, idstul, status) VALUES (797, '797', 135, 'A');
INSERT INTO public.misto (idmisto, poradi, idstul, status) VALUES (798, '798', 135, 'A');
INSERT INTO public.misto (idmisto, poradi, idstul, status) VALUES (799, '799', 135, 'A');
INSERT INTO public.misto (idmisto, poradi, idstul, status) VALUES (800, '800', 135, 'A');
INSERT INTO public.misto (idmisto, poradi, idstul, status) VALUES (801, '801', 136, 'A');
INSERT INTO public.misto (idmisto, poradi, idstul, status) VALUES (802, '802', 136, 'A');
INSERT INTO public.misto (idmisto, poradi, idstul, status) VALUES (803, '803', 136, 'A');
INSERT INTO public.misto (idmisto, poradi, idstul, status) VALUES (804, '804', 136, 'A');
INSERT INTO public.misto (idmisto, poradi, idstul, status) VALUES (805, '805', 136, 'A');
INSERT INTO public.misto (idmisto, poradi, idstul, status) VALUES (806, '806', 136, 'A');
INSERT INTO public.misto (idmisto, poradi, idstul, status) VALUES (807, '807', 137, 'A');
INSERT INTO public.misto (idmisto, poradi, idstul, status) VALUES (808, '808', 137, 'A');
INSERT INTO public.misto (idmisto, poradi, idstul, status) VALUES (809, '809', 137, 'A');
INSERT INTO public.misto (idmisto, poradi, idstul, status) VALUES (810, '810', 137, 'A');
INSERT INTO public.misto (idmisto, poradi, idstul, status) VALUES (811, '811', 137, 'A');
INSERT INTO public.misto (idmisto, poradi, idstul, status) VALUES (812, '812', 137, 'A');
INSERT INTO public.misto (idmisto, poradi, idstul, status) VALUES (813, '813', 138, 'A');
INSERT INTO public.misto (idmisto, poradi, idstul, status) VALUES (814, '814', 138, 'A');
INSERT INTO public.misto (idmisto, poradi, idstul, status) VALUES (815, '815', 138, 'A');
INSERT INTO public.misto (idmisto, poradi, idstul, status) VALUES (816, '816', 138, 'A');
INSERT INTO public.misto (idmisto, poradi, idstul, status) VALUES (817, '817', 138, 'A');
INSERT INTO public.misto (idmisto, poradi, idstul, status) VALUES (818, '818', 138, 'A');
INSERT INTO public.misto (idmisto, poradi, idstul, status) VALUES (819, '819', 139, 'A');
INSERT INTO public.misto (idmisto, poradi, idstul, status) VALUES (820, '820', 139, 'A');
INSERT INTO public.misto (idmisto, poradi, idstul, status) VALUES (821, '821', 139, 'A');
INSERT INTO public.misto (idmisto, poradi, idstul, status) VALUES (822, '822', 139, 'A');
INSERT INTO public.misto (idmisto, poradi, idstul, status) VALUES (823, '823', 139, 'A');
INSERT INTO public.misto (idmisto, poradi, idstul, status) VALUES (824, '824', 139, 'A');
INSERT INTO public.misto (idmisto, poradi, idstul, status) VALUES (825, '825', 140, 'A');
INSERT INTO public.misto (idmisto, poradi, idstul, status) VALUES (826, '826', 140, 'A');
INSERT INTO public.misto (idmisto, poradi, idstul, status) VALUES (827, '827', 140, 'A');
INSERT INTO public.misto (idmisto, poradi, idstul, status) VALUES (828, '828', 140, 'A');
INSERT INTO public.misto (idmisto, poradi, idstul, status) VALUES (829, '829', 140, 'A');
INSERT INTO public.misto (idmisto, poradi, idstul, status) VALUES (830, '830', 140, 'A');
INSERT INTO public.misto (idmisto, poradi, idstul, status) VALUES (831, '831', 141, 'A');
INSERT INTO public.misto (idmisto, poradi, idstul, status) VALUES (832, '832', 141, 'A');
INSERT INTO public.misto (idmisto, poradi, idstul, status) VALUES (833, '833', 141, 'A');
INSERT INTO public.misto (idmisto, poradi, idstul, status) VALUES (834, '834', 141, 'A');
INSERT INTO public.misto (idmisto, poradi, idstul, status) VALUES (835, '835', 141, 'A');
INSERT INTO public.misto (idmisto, poradi, idstul, status) VALUES (836, '836', 141, 'A');
INSERT INTO public.misto (idmisto, poradi, idstul, status) VALUES (837, '837', 142, 'A');
INSERT INTO public.misto (idmisto, poradi, idstul, status) VALUES (838, '838', 142, 'A');
INSERT INTO public.misto (idmisto, poradi, idstul, status) VALUES (839, '839', 142, 'A');
INSERT INTO public.misto (idmisto, poradi, idstul, status) VALUES (840, '840', 142, 'A');
INSERT INTO public.misto (idmisto, poradi, idstul, status) VALUES (841, '841', 142, 'A');
INSERT INTO public.misto (idmisto, poradi, idstul, status) VALUES (842, '842', 142, 'A');
INSERT INTO public.misto (idmisto, poradi, idstul, status) VALUES (843, '843', 143, 'A');
INSERT INTO public.misto (idmisto, poradi, idstul, status) VALUES (844, '844', 143, 'A');
INSERT INTO public.misto (idmisto, poradi, idstul, status) VALUES (845, '845', 143, 'A');
INSERT INTO public.misto (idmisto, poradi, idstul, status) VALUES (846, '846', 143, 'A');
INSERT INTO public.misto (idmisto, poradi, idstul, status) VALUES (847, '847', 143, 'A');
INSERT INTO public.misto (idmisto, poradi, idstul, status) VALUES (848, '848', 143, 'A');
INSERT INTO public.misto (idmisto, poradi, idstul, status) VALUES (849, '849', 144, 'A');
INSERT INTO public.misto (idmisto, poradi, idstul, status) VALUES (850, '850', 144, 'A');
INSERT INTO public.misto (idmisto, poradi, idstul, status) VALUES (851, '851', 144, 'A');
INSERT INTO public.misto (idmisto, poradi, idstul, status) VALUES (852, '852', 144, 'A');
INSERT INTO public.misto (idmisto, poradi, idstul, status) VALUES (853, '853', 144, 'A');
INSERT INTO public.misto (idmisto, poradi, idstul, status) VALUES (854, '854', 144, 'A');
INSERT INTO public.misto (idmisto, poradi, idstul, status) VALUES (855, '855', 145, 'A');
INSERT INTO public.misto (idmisto, poradi, idstul, status) VALUES (856, '856', 145, 'A');
INSERT INTO public.misto (idmisto, poradi, idstul, status) VALUES (857, '857', 145, 'A');
INSERT INTO public.misto (idmisto, poradi, idstul, status) VALUES (858, '858', 145, 'A');
INSERT INTO public.misto (idmisto, poradi, idstul, status) VALUES (859, '859', 145, 'A');
INSERT INTO public.misto (idmisto, poradi, idstul, status) VALUES (860, '860', 145, 'A');
INSERT INTO public.misto (idmisto, poradi, idstul, status) VALUES (861, '861', 146, 'A');
INSERT INTO public.misto (idmisto, poradi, idstul, status) VALUES (862, '862', 146, 'A');
INSERT INTO public.misto (idmisto, poradi, idstul, status) VALUES (863, '863', 146, 'A');
INSERT INTO public.misto (idmisto, poradi, idstul, status) VALUES (864, '864', 146, 'A');
INSERT INTO public.misto (idmisto, poradi, idstul, status) VALUES (865, '865', 146, 'A');
INSERT INTO public.misto (idmisto, poradi, idstul, status) VALUES (866, '866', 146, 'A');
INSERT INTO public.misto (idmisto, poradi, idstul, status) VALUES (867, '867', 147, 'A');
INSERT INTO public.misto (idmisto, poradi, idstul, status) VALUES (868, '868', 147, 'A');
INSERT INTO public.misto (idmisto, poradi, idstul, status) VALUES (869, '869', 147, 'A');
INSERT INTO public.misto (idmisto, poradi, idstul, status) VALUES (870, '870', 147, 'A');
INSERT INTO public.misto (idmisto, poradi, idstul, status) VALUES (871, '871', 147, 'A');
INSERT INTO public.misto (idmisto, poradi, idstul, status) VALUES (872, '872', 147, 'A');
INSERT INTO public.misto (idmisto, poradi, idstul, status) VALUES (873, '873', 148, 'A');
INSERT INTO public.misto (idmisto, poradi, idstul, status) VALUES (874, '874', 148, 'A');
INSERT INTO public.misto (idmisto, poradi, idstul, status) VALUES (875, '875', 148, 'A');
INSERT INTO public.misto (idmisto, poradi, idstul, status) VALUES (876, '876', 148, 'A');
INSERT INTO public.misto (idmisto, poradi, idstul, status) VALUES (877, '877', 148, 'A');
INSERT INTO public.misto (idmisto, poradi, idstul, status) VALUES (878, '878', 148, 'A');
INSERT INTO public.misto (idmisto, poradi, idstul, status) VALUES (879, '879', 149, 'A');
INSERT INTO public.misto (idmisto, poradi, idstul, status) VALUES (880, '880', 149, 'A');
INSERT INTO public.misto (idmisto, poradi, idstul, status) VALUES (881, '881', 149, 'A');
INSERT INTO public.misto (idmisto, poradi, idstul, status) VALUES (882, '882', 149, 'A');
INSERT INTO public.misto (idmisto, poradi, idstul, status) VALUES (883, '883', 149, 'A');
INSERT INTO public.misto (idmisto, poradi, idstul, status) VALUES (884, '884', 149, 'A');
INSERT INTO public.misto (idmisto, poradi, idstul, status) VALUES (885, '885', 150, 'A');
INSERT INTO public.misto (idmisto, poradi, idstul, status) VALUES (886, '886', 150, 'A');
INSERT INTO public.misto (idmisto, poradi, idstul, status) VALUES (887, '887', 150, 'A');
INSERT INTO public.misto (idmisto, poradi, idstul, status) VALUES (888, '888', 150, 'A');
INSERT INTO public.misto (idmisto, poradi, idstul, status) VALUES (889, '889', 150, 'A');
INSERT INTO public.misto (idmisto, poradi, idstul, status) VALUES (890, '890', 150, 'A');
INSERT INTO public.misto (idmisto, poradi, idstul, status) VALUES (891, '891', 151, 'A');
INSERT INTO public.misto (idmisto, poradi, idstul, status) VALUES (892, '892', 151, 'A');
INSERT INTO public.misto (idmisto, poradi, idstul, status) VALUES (893, '893', 151, 'A');
INSERT INTO public.misto (idmisto, poradi, idstul, status) VALUES (894, '894', 151, 'A');
INSERT INTO public.misto (idmisto, poradi, idstul, status) VALUES (895, '895', 151, 'A');
INSERT INTO public.misto (idmisto, poradi, idstul, status) VALUES (896, '896', 151, 'A');
INSERT INTO public.misto (idmisto, poradi, idstul, status) VALUES (897, '897', 152, 'A');
INSERT INTO public.misto (idmisto, poradi, idstul, status) VALUES (898, '898', 152, 'A');
INSERT INTO public.misto (idmisto, poradi, idstul, status) VALUES (899, '899', 152, 'A');
INSERT INTO public.misto (idmisto, poradi, idstul, status) VALUES (900, '900', 152, 'A');
INSERT INTO public.misto (idmisto, poradi, idstul, status) VALUES (901, '901', 152, 'A');
INSERT INTO public.misto (idmisto, poradi, idstul, status) VALUES (902, '902', 152, 'A');
INSERT INTO public.misto (idmisto, poradi, idstul, status) VALUES (903, '903', 153, 'A');
INSERT INTO public.misto (idmisto, poradi, idstul, status) VALUES (904, '904', 153, 'A');
INSERT INTO public.misto (idmisto, poradi, idstul, status) VALUES (905, '905', 153, 'A');
INSERT INTO public.misto (idmisto, poradi, idstul, status) VALUES (906, '906', 153, 'A');
INSERT INTO public.misto (idmisto, poradi, idstul, status) VALUES (907, '907', 153, 'A');
INSERT INTO public.misto (idmisto, poradi, idstul, status) VALUES (908, '908', 153, 'A');
INSERT INTO public.misto (idmisto, poradi, idstul, status) VALUES (909, '909', 154, 'A');
INSERT INTO public.misto (idmisto, poradi, idstul, status) VALUES (910, '910', 154, 'A');
INSERT INTO public.misto (idmisto, poradi, idstul, status) VALUES (911, '911', 154, 'A');
INSERT INTO public.misto (idmisto, poradi, idstul, status) VALUES (912, '912', 154, 'A');
INSERT INTO public.misto (idmisto, poradi, idstul, status) VALUES (913, '913', 154, 'A');
INSERT INTO public.misto (idmisto, poradi, idstul, status) VALUES (914, '914', 154, 'A');
INSERT INTO public.misto (idmisto, poradi, idstul, status) VALUES (915, '915', 155, 'A');
INSERT INTO public.misto (idmisto, poradi, idstul, status) VALUES (916, '916', 155, 'A');
INSERT INTO public.misto (idmisto, poradi, idstul, status) VALUES (917, '917', 155, 'A');
INSERT INTO public.misto (idmisto, poradi, idstul, status) VALUES (918, '918', 155, 'A');
INSERT INTO public.misto (idmisto, poradi, idstul, status) VALUES (919, '919', 155, 'A');
INSERT INTO public.misto (idmisto, poradi, idstul, status) VALUES (920, '920', 155, 'A');
INSERT INTO public.misto (idmisto, poradi, idstul, status) VALUES (921, '921', 156, 'A');
INSERT INTO public.misto (idmisto, poradi, idstul, status) VALUES (922, '922', 156, 'A');
INSERT INTO public.misto (idmisto, poradi, idstul, status) VALUES (923, '923', 156, 'A');
INSERT INTO public.misto (idmisto, poradi, idstul, status) VALUES (924, '924', 156, 'A');
INSERT INTO public.misto (idmisto, poradi, idstul, status) VALUES (925, '925', 156, 'A');
INSERT INTO public.misto (idmisto, poradi, idstul, status) VALUES (926, '926', 156, 'A');
INSERT INTO public.misto (idmisto, poradi, idstul, status) VALUES (927, '927', 157, 'A');
INSERT INTO public.misto (idmisto, poradi, idstul, status) VALUES (928, '928', 157, 'A');
INSERT INTO public.misto (idmisto, poradi, idstul, status) VALUES (929, '929', 157, 'A');
INSERT INTO public.misto (idmisto, poradi, idstul, status) VALUES (930, '930', 157, 'A');
INSERT INTO public.misto (idmisto, poradi, idstul, status) VALUES (931, '931', 157, 'A');
INSERT INTO public.misto (idmisto, poradi, idstul, status) VALUES (932, '932', 157, 'A');
INSERT INTO public.misto (idmisto, poradi, idstul, status) VALUES (933, '933', 157, 'A');
INSERT INTO public.misto (idmisto, poradi, idstul, status) VALUES (934, '934', 157, 'A');
INSERT INTO public.misto (idmisto, poradi, idstul, status) VALUES (935, '935', 157, 'A');
INSERT INTO public.misto (idmisto, poradi, idstul, status) VALUES (936, '936', 157, 'A');
INSERT INTO public.misto (idmisto, poradi, idstul, status) VALUES (937, '937', 158, 'A');
INSERT INTO public.misto (idmisto, poradi, idstul, status) VALUES (938, '938', 158, 'A');
INSERT INTO public.misto (idmisto, poradi, idstul, status) VALUES (939, '939', 158, 'A');
INSERT INTO public.misto (idmisto, poradi, idstul, status) VALUES (940, '940', 158, 'A');
INSERT INTO public.misto (idmisto, poradi, idstul, status) VALUES (941, '941', 158, 'A');
INSERT INTO public.misto (idmisto, poradi, idstul, status) VALUES (942, '942', 158, 'A');
INSERT INTO public.misto (idmisto, poradi, idstul, status) VALUES (943, '943', 158, 'A');
INSERT INTO public.misto (idmisto, poradi, idstul, status) VALUES (944, '944', 158, 'A');
INSERT INTO public.misto (idmisto, poradi, idstul, status) VALUES (945, '945', 158, 'A');
INSERT INTO public.misto (idmisto, poradi, idstul, status) VALUES (946, '946', 158, 'A');
INSERT INTO public.misto (idmisto, poradi, idstul, status) VALUES (947, '947', 159, 'A');
INSERT INTO public.misto (idmisto, poradi, idstul, status) VALUES (948, '948', 159, 'A');
INSERT INTO public.misto (idmisto, poradi, idstul, status) VALUES (949, '949', 159, 'A');
INSERT INTO public.misto (idmisto, poradi, idstul, status) VALUES (950, '950', 159, 'A');
INSERT INTO public.misto (idmisto, poradi, idstul, status) VALUES (951, '951', 159, 'A');
INSERT INTO public.misto (idmisto, poradi, idstul, status) VALUES (952, '952', 159, 'A');
INSERT INTO public.misto (idmisto, poradi, idstul, status) VALUES (953, '953', 159, 'A');
INSERT INTO public.misto (idmisto, poradi, idstul, status) VALUES (954, '954', 159, 'A');
INSERT INTO public.misto (idmisto, poradi, idstul, status) VALUES (955, '955', 159, 'A');
INSERT INTO public.misto (idmisto, poradi, idstul, status) VALUES (956, '956', 159, 'A');
INSERT INTO public.misto (idmisto, poradi, idstul, status) VALUES (957, '957', 160, 'A');
INSERT INTO public.misto (idmisto, poradi, idstul, status) VALUES (958, '958', 160, 'A');
INSERT INTO public.misto (idmisto, poradi, idstul, status) VALUES (959, '959', 160, 'A');
INSERT INTO public.misto (idmisto, poradi, idstul, status) VALUES (960, '960', 160, 'A');
INSERT INTO public.misto (idmisto, poradi, idstul, status) VALUES (961, '961', 160, 'A');
INSERT INTO public.misto (idmisto, poradi, idstul, status) VALUES (962, '962', 160, 'A');
INSERT INTO public.misto (idmisto, poradi, idstul, status) VALUES (963, '963', 161, 'A');
INSERT INTO public.misto (idmisto, poradi, idstul, status) VALUES (964, '964', 161, 'A');
INSERT INTO public.misto (idmisto, poradi, idstul, status) VALUES (965, '965', 161, 'A');
INSERT INTO public.misto (idmisto, poradi, idstul, status) VALUES (966, '966', 161, 'A');
INSERT INTO public.misto (idmisto, poradi, idstul, status) VALUES (967, '967', 161, 'A');
INSERT INTO public.misto (idmisto, poradi, idstul, status) VALUES (968, '968', 161, 'A');
INSERT INTO public.misto (idmisto, poradi, idstul, status) VALUES (969, '969', 162, 'A');
INSERT INTO public.misto (idmisto, poradi, idstul, status) VALUES (970, '970', 162, 'A');
INSERT INTO public.misto (idmisto, poradi, idstul, status) VALUES (971, '971', 162, 'A');
INSERT INTO public.misto (idmisto, poradi, idstul, status) VALUES (972, '972', 162, 'A');
INSERT INTO public.misto (idmisto, poradi, idstul, status) VALUES (973, '973', 162, 'A');
INSERT INTO public.misto (idmisto, poradi, idstul, status) VALUES (974, '974', 162, 'A');
INSERT INTO public.misto (idmisto, poradi, idstul, status) VALUES (975, '975', 163, 'A');
INSERT INTO public.misto (idmisto, poradi, idstul, status) VALUES (976, '976', 163, 'A');
INSERT INTO public.misto (idmisto, poradi, idstul, status) VALUES (977, '977', 163, 'A');
INSERT INTO public.misto (idmisto, poradi, idstul, status) VALUES (978, '978', 163, 'A');
INSERT INTO public.misto (idmisto, poradi, idstul, status) VALUES (979, '979', 163, 'A');
INSERT INTO public.misto (idmisto, poradi, idstul, status) VALUES (980, '980', 163, 'A');
INSERT INTO public.misto (idmisto, poradi, idstul, status) VALUES (981, '981', 164, 'A');
INSERT INTO public.misto (idmisto, poradi, idstul, status) VALUES (982, '982', 164, 'A');
INSERT INTO public.misto (idmisto, poradi, idstul, status) VALUES (983, '983', 164, 'A');
INSERT INTO public.misto (idmisto, poradi, idstul, status) VALUES (984, '984', 164, 'A');
INSERT INTO public.misto (idmisto, poradi, idstul, status) VALUES (985, '985', 164, 'A');
INSERT INTO public.misto (idmisto, poradi, idstul, status) VALUES (986, '986', 164, 'A');
INSERT INTO public.misto (idmisto, poradi, idstul, status) VALUES (987, '987', 164, 'A');
INSERT INTO public.misto (idmisto, poradi, idstul, status) VALUES (988, '988', 164, 'A');
INSERT INTO public.misto (idmisto, poradi, idstul, status) VALUES (989, '989', 164, 'A');
INSERT INTO public.misto (idmisto, poradi, idstul, status) VALUES (990, '990', 164, 'A');
INSERT INTO public.misto (idmisto, poradi, idstul, status) VALUES (991, '991', 164, 'A');
INSERT INTO public.misto (idmisto, poradi, idstul, status) VALUES (992, '992', 164, 'A');
INSERT INTO public.misto (idmisto, poradi, idstul, status) VALUES (993, '993', 165, 'A');
INSERT INTO public.misto (idmisto, poradi, idstul, status) VALUES (994, '994', 165, 'A');
INSERT INTO public.misto (idmisto, poradi, idstul, status) VALUES (995, '995', 165, 'A');
INSERT INTO public.misto (idmisto, poradi, idstul, status) VALUES (996, '996', 165, 'A');
INSERT INTO public.misto (idmisto, poradi, idstul, status) VALUES (997, '997', 165, 'A');
INSERT INTO public.misto (idmisto, poradi, idstul, status) VALUES (998, '998', 165, 'A');
INSERT INTO public.misto (idmisto, poradi, idstul, status) VALUES (999, '999', 166, 'A');
INSERT INTO public.misto (idmisto, poradi, idstul, status) VALUES (1000, '1000', 166, 'A');
INSERT INTO public.misto (idmisto, poradi, idstul, status) VALUES (1001, '1001', 166, 'A');
INSERT INTO public.misto (idmisto, poradi, idstul, status) VALUES (1002, '1002', 166, 'A');
INSERT INTO public.misto (idmisto, poradi, idstul, status) VALUES (1003, '1003', 166, 'A');
INSERT INTO public.misto (idmisto, poradi, idstul, status) VALUES (1004, '1004', 166, 'A');
INSERT INTO public.misto (idmisto, poradi, idstul, status) VALUES (1005, '1005', 167, 'A');
INSERT INTO public.misto (idmisto, poradi, idstul, status) VALUES (1006, '1006', 167, 'A');
INSERT INTO public.misto (idmisto, poradi, idstul, status) VALUES (1007, '1007', 167, 'A');
INSERT INTO public.misto (idmisto, poradi, idstul, status) VALUES (1008, '1008', 167, 'A');
INSERT INTO public.misto (idmisto, poradi, idstul, status) VALUES (1009, '1009', 167, 'A');
INSERT INTO public.misto (idmisto, poradi, idstul, status) VALUES (1010, '1010', 167, 'A');
INSERT INTO public.misto (idmisto, poradi, idstul, status) VALUES (1011, '1011', 167, 'A');
INSERT INTO public.misto (idmisto, poradi, idstul, status) VALUES (1012, '1012', 167, 'A');
INSERT INTO public.misto (idmisto, poradi, idstul, status) VALUES (1013, '1013', 167, 'A');
INSERT INTO public.misto (idmisto, poradi, idstul, status) VALUES (1014, '1014', 167, 'A');
INSERT INTO public.misto (idmisto, poradi, idstul, status) VALUES (1015, '1015', 168, 'A');
INSERT INTO public.misto (idmisto, poradi, idstul, status) VALUES (1016, '1016', 168, 'A');
INSERT INTO public.misto (idmisto, poradi, idstul, status) VALUES (1017, '1017', 168, 'A');
INSERT INTO public.misto (idmisto, poradi, idstul, status) VALUES (1018, '1018', 168, 'A');
INSERT INTO public.misto (idmisto, poradi, idstul, status) VALUES (1019, '1019', 168, 'A');
INSERT INTO public.misto (idmisto, poradi, idstul, status) VALUES (1020, '1020', 168, 'A');
INSERT INTO public.misto (idmisto, poradi, idstul, status) VALUES (1021, '1021', 169, 'A');
INSERT INTO public.misto (idmisto, poradi, idstul, status) VALUES (1022, '1022', 169, 'A');
INSERT INTO public.misto (idmisto, poradi, idstul, status) VALUES (1023, '1023', 169, 'A');
INSERT INTO public.misto (idmisto, poradi, idstul, status) VALUES (1024, '1024', 169, 'A');
INSERT INTO public.misto (idmisto, poradi, idstul, status) VALUES (1025, '1025', 169, 'A');
INSERT INTO public.misto (idmisto, poradi, idstul, status) VALUES (1026, '1026', 169, 'A');
INSERT INTO public.misto (idmisto, poradi, idstul, status) VALUES (1027, '1027', 170, 'A');
INSERT INTO public.misto (idmisto, poradi, idstul, status) VALUES (1028, '1028', 170, 'A');
INSERT INTO public.misto (idmisto, poradi, idstul, status) VALUES (1029, '1029', 170, 'A');
INSERT INTO public.misto (idmisto, poradi, idstul, status) VALUES (1030, '1030', 170, 'A');
INSERT INTO public.misto (idmisto, poradi, idstul, status) VALUES (1031, '1031', 170, 'A');
INSERT INTO public.misto (idmisto, poradi, idstul, status) VALUES (1032, '1032', 170, 'A');
INSERT INTO public.misto (idmisto, poradi, idstul, status) VALUES (1033, '1033', 170, 'A');
INSERT INTO public.misto (idmisto, poradi, idstul, status) VALUES (1034, '1034', 170, 'A');
INSERT INTO public.misto (idmisto, poradi, idstul, status) VALUES (1035, '1035', 170, 'A');
INSERT INTO public.misto (idmisto, poradi, idstul, status) VALUES (1036, '1036', 170, 'A');
INSERT INTO public.misto (idmisto, poradi, idstul, status) VALUES (1037, '1037', 171, 'A');
INSERT INTO public.misto (idmisto, poradi, idstul, status) VALUES (1038, '1038', 171, 'A');
INSERT INTO public.misto (idmisto, poradi, idstul, status) VALUES (1039, '1039', 171, 'A');
INSERT INTO public.misto (idmisto, poradi, idstul, status) VALUES (1040, '1040', 171, 'A');
INSERT INTO public.misto (idmisto, poradi, idstul, status) VALUES (1041, '1041', 171, 'A');
INSERT INTO public.misto (idmisto, poradi, idstul, status) VALUES (1042, '1042', 171, 'A');
INSERT INTO public.misto (idmisto, poradi, idstul, status) VALUES (1043, '1043', 172, 'A');
INSERT INTO public.misto (idmisto, poradi, idstul, status) VALUES (1044, '1044', 172, 'A');
INSERT INTO public.misto (idmisto, poradi, idstul, status) VALUES (1045, '1045', 172, 'A');
INSERT INTO public.misto (idmisto, poradi, idstul, status) VALUES (1046, '1046', 172, 'A');
INSERT INTO public.misto (idmisto, poradi, idstul, status) VALUES (1047, '1047', 172, 'A');
INSERT INTO public.misto (idmisto, poradi, idstul, status) VALUES (1048, '1048', 172, 'A');
INSERT INTO public.misto (idmisto, poradi, idstul, status) VALUES (1049, '1049', 173, 'A');
INSERT INTO public.misto (idmisto, poradi, idstul, status) VALUES (1050, '1050', 173, 'A');
INSERT INTO public.misto (idmisto, poradi, idstul, status) VALUES (1051, '1051', 173, 'A');
INSERT INTO public.misto (idmisto, poradi, idstul, status) VALUES (1052, '1052', 173, 'A');
INSERT INTO public.misto (idmisto, poradi, idstul, status) VALUES (1053, '1053', 173, 'A');
INSERT INTO public.misto (idmisto, poradi, idstul, status) VALUES (1054, '1054', 173, 'A');
INSERT INTO public.misto (idmisto, poradi, idstul, status) VALUES (1055, '1055', 174, 'A');
INSERT INTO public.misto (idmisto, poradi, idstul, status) VALUES (1056, '1056', 174, 'A');
INSERT INTO public.misto (idmisto, poradi, idstul, status) VALUES (1057, '1057', 174, 'A');
INSERT INTO public.misto (idmisto, poradi, idstul, status) VALUES (1058, '1058', 174, 'A');
INSERT INTO public.misto (idmisto, poradi, idstul, status) VALUES (1059, '1059', 174, 'A');
INSERT INTO public.misto (idmisto, poradi, idstul, status) VALUES (1060, '1060', 174, 'A');
INSERT INTO public.misto (idmisto, poradi, idstul, status) VALUES (1061, '1061', 175, 'A');
INSERT INTO public.misto (idmisto, poradi, idstul, status) VALUES (1062, '1062', 175, 'A');
INSERT INTO public.misto (idmisto, poradi, idstul, status) VALUES (1063, '1063', 175, 'A');
INSERT INTO public.misto (idmisto, poradi, idstul, status) VALUES (1064, '1064', 175, 'A');
INSERT INTO public.misto (idmisto, poradi, idstul, status) VALUES (1065, '1065', 175, 'A');
INSERT INTO public.misto (idmisto, poradi, idstul, status) VALUES (1066, '1066', 175, 'A');


-- INSERT INTO public.zakaznik (idzakaznik, jmeno, prijmeni, mail, status, caspotvrzeni) VALUES (1, null, null, 'adam.ruzicka@email.cz', 'V', null);



